Title,Material Type,,Conteo
Luna Pearl 3cm Polished,Granite,GRANITE,59
Bianco Pure,Granite,GRANITE,3
Leaden,Hanstone,QUARTZ,1
BG880 Awaken,Hanstone,QUARTZ,1
Piatra Grey 2cm Polished A 5003,Ceasarstone,QUARTZ,1
Q1017 Vesuvius 3cm,MSI QUARTZ,QUARTZ,1
Calacatta Arno,MSI QUARTZ,QUARTZ,10
Swanbridge 3cm Polished,Cambria,QUARTZ,8
White Galaxy 3cm Polished,Granite,GRANITE,1
Calacatta,Marble,Marble,0
Pietra,SileStone,QUARTZ,43
Viscon White 3cm Polished,Granite,GRANITE,2
Lyra,SileStone,QUARTZ,39
White G 3cm Polished,Granite,GRANITE,38
AMG QuartzSC06 White Sand - Polished 2cm,Pre-fabricated,GRANITE,272
Lusso,SileStone,QUARTZ,26
Fantasy Brown 3cm Polished,Marble,MARBLE,17
Pearl Jasmine,SileStone,QUARTZ,18
Aspen - Casablanca,Aspen,QUARTZ,7
White Fantasy 3cm Polished,Granite,GRANITE,7
White Sand,Home Depot Granite,QUARTZ,14
Mont Blanc 3cm Polished,Marble,MARBLE,7
NEW VENETIAN GOLD,Granite,GRANITE,7
Desert Bloom,Aspen,QUARTZ,8
Statuario,Aspen,QUARTZ,8
Eternal Calacatta Gold,SileStone,QUARTZ,7
Taj Royale,Ceasarstone,QUARTZ,6
Blanco City,SileStone,QUARTZ,5
Steel Grey 3cm Leather and Polished,Granite,GRANITE,7
Granite - Colonial White 3cm Polished,Granite,GRANITE,6
MSI QUARTZ - Carrara Mist 3cm,MSI QUARTZ,QUARTZ,4
Nevasca Mist,Home Depot Granite,QUARTZ,4
RIDGEGATE,Cambria,QUARTZ,4
Noble Grey 5211,SileStone,QUARTZ,1
Calacatta Naples 3cm,Aspen,QUARTZ,4
Calacatta Primo 3cm,Aspen,QUARTZ,7
OQ42 Freedom Calacatta,MSI QUARTZ,QUARTZ,58
Salinas White 3cm Polished,Granite,GRANITE,8
Bianco Antico 3cm Dual,Granite,GRANITE,5
White Carrara 3cm Polished,Marble,MARBLE,6
Ariel,SileStone,QUARTZ,3
Calacatta Classic 3cm,Aspen,QUARTZ,3
Charcoal Soapstone,SileStone,QUARTZ,3
Tan Brown 3cm Polished,Granite,GRANITE,3
Giallo Ornamental,Home Depot Granite,QUARTZ,6
Aspen - Sparkling White (Snow Meadow) 3cm,Aspen,QUARTZ,4
White Zeus,SileStone,QUARTZ,5
Aspen Telarro,Aspen,QUARTZ,3
Blue Pearl GT 3cm Polished,Granite,GRANITE,5
Grey Expo,SileStone,QUARTZ,4
Delicatus White 3cm Polished,Granite,GRANITE,2
Fossil Gray 3cm,MSI QUARTZ,QUARTZ,2
Lagoon,SileStone,QUARTZ,2
PATAGONIA AVP 3cm Polished,Granite,GRANITE,2
Blanco Maple 14,SileStone,QUARTZ,2
Blanco Orion,SileStone,QUARTZ,2
Calacatta Antartica 3cm,Aspen,QUARTZ,2
Colonial Gold 3cm Polished,Granite,GRANITE,3
Giallo Fiorito 3cm Polished,Granite,GRANITE,3
Peacock Green 3cm Polished,Granite,GRANITE,2
Baltic Brown 3cm Polished,Granite,GRANITE,2
Chesapeake Blue = MSI Whisper White 3cm Polished,Home Depot Granite,QUARTZ,2
Aspen - Calacatta Laza 3cm,Aspen,QUARTZ,4
Home Depot Granite - Blue Pearl 3cm Polished,Home Depot Granite,QUARTZ,2
Snow Fall 3cm Polished,Granite,GRANITE,2
Snow White 3cm Polished,Zodiaq,QUARTZ,2
Granite - Bianco Antico 3cm Polished,Granite,GRANITE,4
Granite - Crema Caramel 3cm Polished,Granite,GRANITE,2
Coarse Carrara 3cm,Aspen,QUARTZ,2
Home Depot Granite - Moon White 3cm Polished,Home Depot Granite,QUARTZ,2
Quartzite Fusion,Granite,GRANITE,3
Marengo,SileStone,QUARTZ,4
Granite - African Rainbow 3cm Polished,Granite,GRANITE,3
Ocean Storm,SileStone,QUARTZ,2
White Attica  3cm Polished,Ceasarstone,QUARTZ,3
Carrara Morro 3cm,MSI QUARTZ,QUARTZ,7
Calacatta Antarctica (Antartica),MSI QUARTZ,QUARTZ,2
Absolute Black 3cm Polished,Granite,GRANITE,2
Alpina White  08,SileStone,QUARTZ,1
Angola Blue 3cm Polished,Granite,GRANITE,1
Antique Pearl 3cm Polished,Zodiaq,QUARTZ,1
Arabescus White (Arabescus Carrara) 3cm Polished,Marble,MARBLE,1
Azul Celeste 3cm Brushed,Home Depot Granite,QUARTZ,1
Blanca Statuarietto 3cm,MSI QUARTZ,QUARTZ,4
Calacatta Classique 3cm,MSI QUARTZ,QUARTZ,1
Calacatta Verona 3cm,MSI QUARTZ,QUARTZ,1
Home Depot Granite - Azul Platino 3cm Polished,Home Depot Granite,QUARTZ,1
Noir,Granite,GRANITE,1
Portrush,Cambria,QUARTZ,1
Pure White 3cm,Aspen,QUARTZ,8
Quartzite Wakanda Polished 3cm,Granite,GRANITE,1
Steel Grey 3cm Leather,Granite,GRANITE,3
Viatera Quartz Muse 3cm,LG,QUARTZ,1
White Ice 3cm Polished,Granite,GRANITE,7
Zodiaq - Corian Quartz Valente Pearl 3cm Polish,Zodiaq,QUARTZ,1
Absolute Black 3cm Dual,Granite,GRANITE,1
Arctic White 3cm,MSI QUARTZ,QUARTZ,1
Black Galaxy 2cm Polished,Granite,GRANITE,1
Botticino 3cm,Aspen,QUARTZ,1
Concerto 3cm,MSI QUARTZ,QUARTZ,1
Home Depot Granite - Sapphire Blue 3cm Polished,Home Depot Granite,QUARTZ,1
Ivory Coast 3cm,Aspen,QUARTZ,1
Portinari 3cm Polished,Marble,MARBLE,1
Super White,Marble,MARBLE,1
Toasted Almond 3cm,MSI QUARTZ,QUARTZ,1
Perla White 3cm,MSI QUARTZ,QUARTZ,2
Aspen - Iced White 2cm,Aspen,QUARTZ,1
Aspen - Peppercorn White 3cm,Aspen,QUARTZ,1
Bianco Calacatta,SileStone,QUARTZ,1
Bordeaux 3cm Polished,Granite,GRANITE,1
Casa Blanca 3cm Polished,Granite,GRANITE,1
Granite - Azul Platino 3cm Polished,Granite,GRANITE,1
Granite - New Caledonia 3cm Polished,Granite,GRANITE,2
Granite - Sapphire Blue 3cm Polished,Granite,GRANITE,1
Granite - Steel Grey 3cm Polished,Granite,GRANITE,1
Helix,SileStone,QUARTZ,4
Quartzite White Pearl 3cm Polished.,Granite,GRANITE,1
Urban Frost,SileStone,QUARTZ,1
Aspen - Sparkling Black 3cm,Aspen,QUARTZ,1
Calacatta Lucia 3cm,Aspen,QUARTZ,3
Cashmere Carrara 3cm,MSI QUARTZ,QUARTZ,2
Glacier White 3cm,MSI QUARTZ,QUARTZ,1
Granite - White Spring 3cm Polished,Granite,GRANITE,1
Manhattan Gray 3cm,MSI QUARTZ,QUARTZ,1
Raven 2cm Polished A 4120,Ceasarstone,QUARTZ,2
Aspen - Iced White 3cm,Aspen,QUARTZ,4
Lava Roca(Leather Finish) 3cm,Aspen,QUARTZ,1
Volakas 3cm Polished,Marble,MARBLE,1
MARINE BLACK,SOAPSTONE,QUARTZ,1
Solarius 3cm Polished,Granite,GRANITE,1
White Cliff 1cm Polished,Cambria,QUARTZ,1
White Wave 3cm Dual,Granite,GRANITE,1
Giallo Ornamental 3cm Polished,Granite,GRANITE,1
Granite - Blue Pearl 3cm Polished,Granite,GRANITE,1
3014 3cm,Aspen,QUARTZ,0
Absolute Cream 3cm Polished,Granite,GRANITE,0
Absolute Noir 3cm Polished A 6100,Ceasarstone,QUARTZ,0
Adamantium 3cm Polished,Granite,GRANITE,0
Aged Timber Matte 2cm,Dekton,QUARTZ,0
Alaska White 3cm Polished,Granite,GRANITE,0
Alba 3cm,LG,QUARTZ,0
Alpine 3cm,MSI QUARTZ,QUARTZ,0
Alpine Mist,Ceasarstone,QUARTZ,0
Alpine Valley 3cm Polished,Home Depot Granite,QUARTZ,0
Alpine White 2cm Polished,Granite,GRANITE,0
Alpinus White 2cm Polished,Granite,GRANITE,0
Altai 3cm,Aspen,QUARTZ,0
Altair  15,SileStone,QUARTZ,0
Altea 3cm Polished,Pental Quartz,QUARTZ,0
Amarello Ornamental 3cm Polished,Home Depot Granite,QUARTZ,0
Amarello Ornamental. 3cm Polished,Granite,GRANITE,0
Amber 3cm,Aspen,QUARTZ,0
Andino White 3cm Polished,Home Depot Granite,QUARTZ,0
Andromeda White 3cm Polished,Granite,GRANITE,0
Angelus 3cm Polished,Granite,GRANITE,0
Angola Black 3cm Polished,Granite,GRANITE,0
Annica 2cm Polished,Cambria,QUARTZ,0
Annicca 3cm Polished,Cambria,QUARTZ,0
Antella 3cm,LG,QUARTZ,0
Antico Pearl 3cm,LG,QUARTZ,0
Antique Limestone 3cm,LG,QUARTZ,0
Arabescato 3cm Polished,Pental Quartz,QUARTZ,0
Arctic White 3cm Polished,Granite,GRANITE,0
Arga Polished 2cm,Dekton,QUARTZ,0
Aria 3cm,LG,QUARTZ,0
Ashen White 3cm Polished,Granite,GRANITE,0
Aspen - Calacatta Vicenza 3cm,Aspen,QUARTZ,0
Aspen - Carrara Marmi 3cm,Aspen,QUARTZ,0
Aspen - Carrara Mist 3cm,Aspen,QUARTZ,0
Aspen - Cirrus 3cm,Aspen,QUARTZ,0
Aspen - Desert Bloom 3cm,Aspen,QUARTZ,0
Aspen - Fairy White 3cm,Aspen,QUARTZ,0
Aspen - Frost White 3cm,Aspen,QUARTZ,0
Aspen - Gray Lagoon 3cm,Aspen,QUARTZ,0
Aspen - Iced Gray 3cm,Aspen,QUARTZ,0
Aspen - Soprano 3cm,Aspen,QUARTZ,0
Aspen - Sparkling White 3cm,Aspen,QUARTZ,2
Astoria 3cm Polished,Granite,GRANITE,0
Audax 3cm Polished,Granite,GRANITE,0
Aura 3cm,LG,QUARTZ,0
Aura Honed 2cm,Dekton,QUARTZ,0
Aura Matte 3cm,Dekton,QUARTZ,0
Aura Polished 2cm,Dekton,QUARTZ,0
Autumn Light-Discontinued 3cm Polished,Zodiaq,QUARTZ,0
Avalanche 3cm Polished,Granite,GRANITE,0
Avalon White 3cm Polished,Granite,GRANITE,0
Azul Celeste 3cm Polished,Home Depot Granite,QUARTZ,0
Babylon Gray 3cm,MSI QUARTZ,QUARTZ,0
Bainbrook Brown 3cm Polished,Granite,GRANITE,0
Bala Blue 3cm Polished,Cambria,QUARTZ,0
"Baltic Gray 3/4"" Polished",Marble,MARBLE,0
Bamboo,SileStone,QUARTZ,1
Bayshore Sand 3cm,MSI QUARTZ,QUARTZ,0
Beaumont 3cm Polished,Cambria,QUARTZ,0
Beige Butterfly 3cm Polished,Granite,GRANITE,0
Bellemonte 3cm,LG,QUARTZ,0
Bellingham 3cm Polished,Cambria,QUARTZ,0
Bentley 2cm Polished,Cambria,QUARTZ,0
Bentley 3cm Polished,Cambria,QUARTZ,0
Bergen Polished 2cm,Dekton,QUARTZ,0
Berwyn 3cm Matte,Cambria,QUARTZ,0
Berwyn 3cm Polished,Cambria,QUARTZ,0
Bianco Assoluto,Granite,GRANITE,0
Bianco Bellisimo 3cm,Aspen,QUARTZ,0
Bianco Catalina 3cm Polished,Home Depot Granite,QUARTZ,0
Bianco Drift 3cm Polished A 6131,Ceasarstone,QUARTZ,0
Bianco Frost (HD color name Silver Mist) 3cm Polished,Home Depot Granite,QUARTZ,0
Bianco Gioia 3cm Dual,Marble,MARBLE,0
Bianco Halcyon 3cm Polished,Granite,GRANITE,0
Bianco Primata (HD Silver Mist) 3cm Polished,Granite,GRANITE,0
Bianco Romano 3cm Polished,Home Depot Granite,QUARTZ,0
Black 3cm Polished,Cambria,QUARTZ,0
Black and White 3cm Polished,Granite,GRANITE,0
Black Pearl (Pearl Gray) 3cm Brushed,Home Depot Granite,QUARTZ,0
Black Pearl 3cm Brushed,Granite,GRANITE,0
Black Pearl 3cm Polished,Granite,GRANITE,0
Black Pearl-Front Polished/Back Leather 3cm Polished,Granite,GRANITE,0
Black Quasar 3cm Polished,Zodiaq,QUARTZ,0
Blanc Concrete Polished 2cm,Dekton,QUARTZ,0
Blanca Arabescato 3cm,MSI QUARTZ,QUARTZ,0
Blanca Arebescato 3cm,Aspen,QUARTZ,0
Blanco Matrix,SileStone,QUARTZ,0
Blanco Taupe,Home Depot Granite,QUARTZ,0
Blaze Polished 2cm,Dekton,QUARTZ,0
Blizzard 2cm Polished A 2141,Ceasarstone,QUARTZ,0
Blizzard 3cm Polished A 2141,Ceasarstone,QUARTZ,0
Blue Carrara 3cm Polished,Zodiaq,QUARTZ,0
"Blue De Savoie 3/4"" Honed",Marble,MARBLE,0
Blue Dunes 3cm Polished,Granite,GRANITE,0
Blue Fantasy 3cm Polished,Granite,GRANITE,0
Blue Nile 3cm Polished,Granite,GRANITE,0
Blue Ridge 2cm Polished,Marble,MARBLE,0
Blue Sahara  12,SileStone,QUARTZ,0
Bohemian Gray 3cm Polished,Home Depot Granite,QUARTZ,0
Botticino Semiclassico 3cm Polished,Marble,MARBLE,0
Bourbon 3cm,LG,QUARTZ,0
BradFord 3cm Polished,Cambria,QUARTZ,0
Braemar 3cm Polished,Cambria,QUARTZ,0
Brass Blue 3cm Polished,Granite,GRANITE,0
Brazilian Black 3cm Polished,Granite,GRANITE,0
Brecken 3cm,Aspen,QUARTZ,0
Bristol Blue 2cm Polished,Cambria,QUARTZ,0
Brittanicca 2cm Polished,Cambria,QUARTZ,0
Brittanicca 3cm Polished,Cambria,QUARTZ,0
Buckingham 3cm Polished,Cambria,QUARTZ,0
Burton Brown 3cm Polished,Cambria,QUARTZ,0
Butterfly Gold 3cm,Aspen,QUARTZ,0
Butterfly Green 3cm Polished,Granite,GRANITE,0
Buttermilk 2cm Polished A 4220,Ceasarstone,QUARTZ,0
Calacatta Antartica,Aspen,QUARTZ,0
Calacatta Arabescatto 3cm Polished,Marble,MARBLE,0
Calacatta Botanica  3cm,MSI QUARTZ,QUARTZ,0
Calacatta Botanica 3cm,MSI QUARTZ,QUARTZ,0
Calacatta Classic 2cm,Aspen,QUARTZ,0
Calacatta Gold 3cm Polished,Marble,MARBLE,1
Calacatta Gold Extra 3cm Polished,Marble,MARBLE,0
Calacatta- Honed 1.2cm,Aspen,QUARTZ,0
Calacatta Namibia 3cm Polished,Marble,MARBLE,0
Calacatta Nueva 3cm,Aspen,QUARTZ,0
Calacatta Nuvo 2cm Polished A 5131,Ceasarstone,QUARTZ,4
Calacatta Nuvo. 2cm Polished A 5131,Ceasarstone,QUARTZ,1
Calacatta Optima 3cm,Aspen,QUARTZ,0
Calacatta Pearl 3cm,MSI QUARTZ,QUARTZ,0
Calacatta Tucci 2cm Polished,Marble,MARBLE,0
Calacatta Ultra 3cm,MSI QUARTZ,QUARTZ,0
Calacatta Venice 3cm,MSI QUARTZ,QUARTZ,0
Calcite Azul 3cm Polished,Marble,MARBLE,0
Caldera 3cm Polished A 6684,Ceasarstone,QUARTZ,0
Calico White Polished 3cm,Home Depot Granite,QUARTZ,0
Calypso,SileStone,QUARTZ,0
Cameo is now Viatera Sol 3cm,LG,QUARTZ,0
Cameo Shore (=Venice Cream) 3cm Polished,Home Depot Granite,QUARTZ,0
Canadian Blue 3cm Polished,Marble,MARBLE,0
Canvas 3cm,MSI QUARTZ,QUARTZ,0
Capri Limestone,SileStone,QUARTZ,0
Caravelas 3cm Polished,Granite,GRANITE,0
Caraway 3cm Polished,Zodiaq,QUARTZ,0
Cardiff Cream 3cm Polished,Cambria,QUARTZ,0
Carioca Gold 3cm Polished,Granite,GRANITE,0
Carnaval 3cm Polished,Granite,GRANITE,0
Carrara Caldia 3cm,MSI QUARTZ,QUARTZ,0
Carrara Grigio 3cm,MSI QUARTZ,QUARTZ,0
Carrara Iris 3cm Polished,MSI QUARTZ,QUARTZ,0
Carrick 3cm Matte,Cambria,QUARTZ,0
Carrick 3cm Polished,Cambria,QUARTZ,0
Cascado (Sea Cliff) 3cm,LG,QUARTZ,0
Cashmere 3cm Polished,Pental Quartz,QUARTZ,0
Cashmere Carrara-Discontinued 2cm Polished,Zodiaq,QUARTZ,0
Cashmere Oro 3cm,MSI QUARTZ,QUARTZ,0
Castle 3cm,LG,QUARTZ,0
Catania 3cm,Aspen,QUARTZ,0
Caucasus 3cm,Aspen,QUARTZ,0
CC103 3cm,Aspen,QUARTZ,0
Celador Smokey Grey 3cm Polished,MSI QUARTZ,QUARTZ,0
Celeste 3cm,LG,QUARTZ,0
Celestial Blue-Discontinued 3cm Polished,Zodiaq,QUARTZ,0
Cemento,SileStone,QUARTZ,0
Cemento 2cm,Aspen,QUARTZ,0
Charston 3cm Polished,Cambria,QUARTZ,0
Chesnut-Discontinued 3cm Polished,Zodiaq,QUARTZ,0
Chrome,SileStone,QUARTZ,0
Cianacus 3cm Polished,Granite,GRANITE,0
Cinnamon Spice-Discontinued 3cm Polished,Zodiaq,QUARTZ,0
Civita 3cm,Aspen,QUARTZ,0
Clarino 3cm,LG,QUARTZ,0
Classic White,SileStone,QUARTZ,0
Cloud White 2cm Polished,Zodiaq,QUARTZ,1
Cloud White 3cm Polished,Zodiaq,QUARTZ,2
Coarse Botticino-Discontinued 3cm Polished,Zodiaq,QUARTZ,0
Coarse Carrera 2cm Polished,Zodiaq,QUARTZ,0
Coarse Carrera 3cm Polished,Zodiaq,QUARTZ,0
Coarse Marfil 3cm Polished,Zodiaq,QUARTZ,0
Coarse Pepper 3cm Polished,Zodiaq,QUARTZ,0
Coastal Grey- 6003 3cm Polished,Ceasarstone,QUARTZ,0
Cobble 3cm,Aspen,QUARTZ,0
Cobblestone 3cm,Aspen,QUARTZ,1
Coffee Brown 3cm Polished,Home Depot Granite,QUARTZ,0
Colonial Cream 3cm Polished,Granite,GRANITE,0
Concrete 2cm Polished A 2003,Ceasarstone,QUARTZ,0
Concrete Carrara 3cm Polished,Zodiaq,QUARTZ,0
Copenhagen 3cm Polished,Granite,GRANITE,0
Copper Canyon 3cm Polished,Granite,GRANITE,0
Copper Mist,SileStone,QUARTZ,0
Copper Sunset-Discontinued 2cm Polished,Zodiaq,QUARTZ,0
Coral Clay,SileStone,QUARTZ,0
Corian Quartz Valente Pearl 3cm Polish,Zodiaq,QUARTZ,2
Coriander-Discontinued 3cm Polished,Zodiaq,QUARTZ,0
Cortina 3cm,LG,QUARTZ,0
Cosmopolitan White 3cm Polished A 5130,Ceasarstone,QUARTZ,0
Coswell Cream 3cm Polished,Cambria,QUARTZ,0
Crema Atlantico 3cm Polished,Home Depot Granite,QUARTZ,0
Crema Bordeaux 3cm Polished,Granite,GRANITE,0
Crema Delicatus 3cm Polished,Granite,GRANITE,0
Crema Marfil 2cm Polished,Marble,MARBLE,0
Cristal 3cm Polished,Granite,GRANITE,0
Crystal White 3cm Polished,Marble,MARBLE,0
Cuddington 3cm Polished,Cambria,QUARTZ,0
Cygnus 15,SileStone,QUARTZ,0
Cygnus Pearl-Discontinued 2cm Polished,Zodiaq,QUARTZ,0
Cypress 3cm,LG,QUARTZ,0
Dakota Mahogany 3cm Polished,Granite,GRANITE,0
Q1001 Serene,SileStone,QUARTZ,0
Dallas White 3cm Polished,Granite,GRANITE,0
Danae Matte 2cm,Dekton,QUARTZ,0
Danae Ultra Matte 2cm,Dekton,QUARTZ,0
Daron 3cm Polished,Cambria,QUARTZ,0
Dekton Bergen,Dekton,QUARTZ,0
Delicatus 3cm Polished,Granite,GRANITE,0
Delicatus Cream 3cm Polished,Granite,GRANITE,0
Delicatus Extra 3cm Polished,Granite,GRANITE,0
Wilsonart Q4023 Santiago,SileStone,QUARTZ,1
Delicatus Ice 3cm Polished,Granite,GRANITE,0
Delicatus Snow 3cm Polished,Granite,GRANITE,0
Delicatus Verde 3cm Polished,Granite,GRANITE,0
Denali 3cm,LG,QUARTZ,0
Desert Silver,SileStone,QUARTZ,0
Devon 2cm Polished,Cambria,QUARTZ,0
Domoos Polished 2cm,Dekton,QUARTZ,0
Dove Grey 2cm Polished,Zodiaq,QUARTZ,0
Dove Grey 3cm Polished,Zodiaq,QUARTZ,0
Dover 2cm Polished,Cambria,QUARTZ,0
Dover Creek 3cm,Aspen,QUARTZ,0
Dunmore 3cm Polished,Cambria,QUARTZ,0
Edinburough 3cm Polished,Cambria,QUARTZ,0
Edora Matte 2cm,Dekton,QUARTZ,0
Eggshell 2cm Polished A 3141,Ceasarstone,QUARTZ,0
Eggshell 3cm Polished A 3141,Ceasarstone,QUARTZ,0
Elegant Dune HP 2cm Polished,Granite,GRANITE,0
Ella 3cm Polished,Cambria,QUARTZ,0
Emerald Pearl 3cm Polished,Granite,GRANITE,1
Emperador Dark 3cm Polished,Marble,MARBLE,0
Entzo Calacatta Matte 2cm,Dekton,QUARTZ,0
Entzo Texture 2cm,Dekton,QUARTZ,0
Fantasy Grey,MSI QUARTZ,QUARTZ,1
Eternal Calacatta Classic,SileStone,QUARTZ,0
Eternal Emperador,SileStone,QUARTZ,0
Eternal Marfil,SileStone,QUARTZ,0
Eternal Marquina,SileStone,QUARTZ,1
Eternal Noir Suede,Granite,GRANITE,0
Eternal Serena,SileStone,QUARTZ,1
Eternal Statuario,SileStone,QUARTZ,2
Everest 3cm,Aspen,QUARTZ,0
Everest White 3cm Polished,Granite,GRANITE,0
Everest. 2cm,LG,QUARTZ,0
Everest. 3cm,LG,QUARTZ,0
Exclusive White 3cm Polished,Granite,GRANITE,0
Extreme White 3cm Polished,Granite,GRANITE,0
Fairbourne 3cm Polished,Cambria,QUARTZ,0
Fantasy Brown 3cm Leather,Marble,MARBLE,0
Fantasy Macaubas 3cm Polished,Home Depot Granite,QUARTZ,0
Ferndale 3cm Polished,Cambria,QUARTZ,0
Ferro Gold 3cm Polished,Granite,GRANITE,0
Fieldstone 3cm Polished,Cambria,QUARTZ,1
Fifty Shades Of Grey 3cm Polished,Marble,MARBLE,0
Fiord Honed 2cm,Dekton,QUARTZ,0
Fiord Polished 2cm,Dekton,QUARTZ,0
Fiord Ultra Shine 2cm,Dekton,QUARTZ,0
Forest Snow,SileStone,QUARTZ,0
Fossil Brown 3cm,MSI QUARTZ,QUARTZ,0
Fossil Gray - Matte 3cm,MSI QUARTZ,QUARTZ,0
Fossil Taupe 3cm,MSI QUARTZ,QUARTZ,0
Frosty Carrina 2cm Polished A 5141,Ceasarstone,QUARTZ,0
Frosty Carrina 3cm Polished A 5141,Ceasarstone,QUARTZ,0
fusion,Granite,GRANITE,0
Galloway 3cm Polished,Cambria,QUARTZ,0
Ghibli 3cm Polished,Granite,GRANITE,0
Giallo Napoleon 3cm Polished,Granite,GRANITE,0
Giallo Ornamental light 3cm Polished,Granite,GRANITE,0
Giallo Ornamental Light Extra 3cm Polished,Granite,GRANITE,0
Giallo Venatino 3cm Polished,Granite,GRANITE,1
Giallo Veneziano 3cm Polished,Granite,GRANITE,0
Giallo Verona 3cm Polished,Granite,GRANITE,0
Giallo Vicenza 3cm Polished,Granite,GRANITE,1
Giallo Vitoria = MSI St. Cecilia Light 3cm Polished,Home Depot Granite,QUARTZ,1
"Gioia Venatino 3/4"" Polished",Marble,MARBLE,0
Glacier Ultra Shine 2cm,Dekton,QUARTZ,0
Glacier White 3cm Leather,Granite,GRANITE,0
Gold&Jade 2cm Polished,Marble,MARBLE,0
Golden Fiore 3cm Polished,Granite,GRANITE,0
Golden Persa 3cm Polished,Granite,GRANITE,2
Gran Valle - DNU 3cm Polished,Home Depot Granite,QUARTZ,0
Granite - Almond Gold 3cm Polished,Granite,GRANITE,0
Granite - Black Galaxy 3cm Polished,Granite,GRANITE,0
Granite - Caravelas Gold 3cm Polished,Granite,GRANITE,0
Granite - Crema Marfil 3cm Polished,Granite,GRANITE,0
Granite - Giallo Fantasia 3cm Polished,Granite,GRANITE,0
Granite - Hidden Treasure 3cm Polished,Granite,GRANITE,0
Granite - Impala Black 3cm Polished,Granite,GRANITE,0
Granite - Ivory Fantasy 3cm Polished,Granite,GRANITE,0
Granite - Juparana Persia 3cm Polished,Granite,GRANITE,0
Granite - Moon White 3cm Polished,Granite,GRANITE,1
Granite - New Venetian Gold 3cm Polished,Granite,GRANITE,0
Granite - River White 3cm Polished,Granite,GRANITE,0
Granite - Silver Cloud 3cm Polished,Granite,GRANITE,0
Granite - Typhoon Bordeaux 3cm Polished,Granite,GRANITE,0
Granite - White Ice 3cm Polished,Granite,GRANITE,0
Granite - White Mist 3cm Polished,Granite,GRANITE,0
Granite - White Ornamental 3cm Polished,Granite,GRANITE,0
Graphite 3cm Polished,Zodiaq,QUARTZ,0
Gravel-Discontinued 3cm Polished,Zodiaq,QUARTZ,0
Gray Mist (Gray Wave) 3cm Polished,Home Depot Granite,QUARTZ,0
Grey Silk 3cm Polished,Granite,GRANITE,0
Grey Sparkle 3cm,Aspen,QUARTZ,0
Grigio,Aspen,QUARTZ,0
Grigio 3cm,Aspen,QUARTZ,0
Guatemala Green 3cm Polished,Marble,MARBLE,0
Halo Polished 2cm,Dekton,QUARTZ,0
Haven Gris 3cm,Aspen,QUARTZ,0
Haze 2cm Polished A 2030,Ceasarstone,QUARTZ,0
Haze 3cm Polished A 2030,Ceasarstone,QUARTZ,0
Hazelwood 3cm,MSI QUARTZ,QUARTZ,0
HD Talus 3cm Polished,LG,QUARTZ,0
Heirloom grey 3cm,Aspen,QUARTZ,0
Home Depot Granite - African Rainbow 3cm Polished,Home Depot Granite,QUARTZ,0
Home Depot Granite - Almond Gold 3cm Polished,Home Depot Granite,QUARTZ,0
Home Depot Granite - Bianco Antico 3cm Polished,Home Depot Granite,QUARTZ,0
Home Depot Granite - Black Galaxy 3cm Polished,Home Depot Granite,QUARTZ,0
Home Depot Granite - Caravelas Gold 3cm Polished,Home Depot Granite,QUARTZ,0
Home Depot Granite - Colonial White 3cm Polished,Home Depot Granite,QUARTZ,0
Home Depot Granite - Crema Caramel 3cm Polished,Home Depot Granite,QUARTZ,0
Home Depot Granite - Giallo Fantasia 3cm Polished,Home Depot Granite,QUARTZ,0
Home Depot Granite - Hidden Treasure 3cm Polished,Home Depot Granite,QUARTZ,0
Home Depot Granite - Impala Black 3cm Polished,Home Depot Granite,QUARTZ,0
Home Depot Granite - Ivory Fantasy 3cm Polished,Home Depot Granite,QUARTZ,0
Home Depot Granite - Juparana Persia 3cm Polished,Home Depot Granite,QUARTZ,0
Home Depot Granite - New Caledonia 3cm Polished,Home Depot Granite,QUARTZ,0
Home Depot Granite - New Venetian Gold 3cm Polished,Home Depot Granite,GRANITE,0
Sunset Canyon,Granite,GRANITE,4
Volga Blue 3cm Polished,Granite,GRANITE,1
Home Depot Granite - River White 3cm Polished,Home Depot Granite,QUARTZ,0
Home Depot Granite - Silver Cloud 3cm Polished,Home Depot Granite,QUARTZ,0
Home Depot Granite - Steel Grey 3cm Polished,Home Depot Granite,QUARTZ,0
Home Depot Granite - Toffee 3cm Polished,Home Depot Granite,QUARTZ,0
Home Depot Granite - Typhoon Bordeaux 3cm Polished,Home Depot Granite,QUARTZ,0
Home Depot Granite - White Ice 3cm Polished,Home Depot Granite,QUARTZ,0
Home Depot Granite - White Mist 3cm Polished,Home Depot Granite,QUARTZ,0
Home Depot Granite - White Ornamental 3cm Polished,Home Depot Granite,QUARTZ,0
Wilsonart Q4033 Marble Falls,Marble,GRANITE,8
Macaubas Branca 3cm,Aspen,QUARTZ,1
Home Depot Granite - White Spring 3cm Polished,Home Depot Granite,QUARTZ,0
Ice Flake 3cm Polished,Granite,GRANITE,0
Ice Pearl 3cm Polished,Granite,GRANITE,0
Ice Snow 2cm,Aspen,QUARTZ,0
Iconic Black,SileStone,QUARTZ,0
Iconic White,SileStone,QUARTZ,0
Imperial Gold 3cm Polished,Granite,GRANITE,0
Indian Dakota 3cm Polished,Granite,GRANITE,0
Intermezzo 3cm,LG,QUARTZ,0
Irok Matte 2cm,Dekton,QUARTZ,0
Iron Bark,SileStone,QUARTZ,0
Iron Ore,SileStone,QUARTZ,0
Istanbul White 3cm,Aspen,QUARTZ,0
Ivory Brown 3cm Polished,Granite,GRANITE,0
Ivory Cascade 3cm Polished,Granite,GRANITE,1
Jasmine White 3cm Polished,Home Depot Granite,QUARTZ,0
Jet Black 2cm Polished A 3100,Ceasarstone,QUARTZ,0
Juniper Trail. 3cm,LG,QUARTZ,0
Juparana Columbo 3cm Polished,Granite,GRANITE,0
Juparana Florencia 3cm Polished,Granite,GRANITE,0
Kadum Matte 2cm,Dekton,QUARTZ,0
Karis,LG,QUARTZ,0
Kelvingrove 2cm Polished,Cambria,QUARTZ,0
Kelya Matte 2cm,Dekton,QUARTZ,0
Kelya Polished 2cm,Dekton,QUARTZ,0
Kensho,SileStone,QUARTZ,0
Kilauea 3cm,LG,QUARTZ,0
Kimbler Mist,SileStone,QUARTZ,0
Kira Matte 2cm,Dekton,QUARTZ,0
Kirkstead 3cm Polished,Cambria,QUARTZ,0
Labradorite Blu Australe 3cm Polished,Granite,GRANITE,0
Lagos Blue 3cm Polished A 4350,Ceasarstone,QUARTZ,0
Landscape - A 3cm,Aspen,QUARTZ,0
Landscape 3cm,Aspen,QUARTZ,0
Laneshaw 2cm Polished,Cambria,QUARTZ,0
Quartzite White Macaubas 3cm Polished,Pental Quartz,QUARTZ,0
Late Autumn 3cm Polished A 6380,Ceasarstone,QUARTZ,0
Latte 3cm,Aspen,QUARTZ,0
Lava Roca 3cm,Aspen,QUARTZ,0
Lena,SileStone,QUARTZ,0
Lento 3cm,LG,QUARTZ,0
LG - Cirrus 3cm,LG,QUARTZ,0
LG - Soprano 3cm,LG,QUARTZ,0
Light Grey Micro mirror 3cm,Aspen,QUARTZ,0
London Grey 3cm Polished A 5000,Ceasarstone,QUARTZ,0
London Sky (= Quartz London Sky) 2cm Polished,Zodiaq,QUARTZ,0
Luminous 3cm Polished,Granite,GRANITE,0
Luna,SileStone,QUARTZ,0
Lyra 3cm,Aspen,QUARTZ,0
Madura Gold 3cm Polished,Granite,GRANITE,0
Mara Blanca Polished 3cm,MSI QUARTZ,QUARTZ,0
Marble - Crema Marfil 3cm Polished,Marble,MARBLE,0
Marrara,MSI QUARTZ,QUARTZ,0
Marron Cohiba 3cm Polished,Granite,GRANITE,0
Menai 3cm Polished,Cambria,QUARTZ,0
Mersey 3cm Polished,Cambria,QUARTZ,0
Miami White**,SileStone,QUARTZ,0
Minera 3cm Polished,Cambria,QUARTZ,0
Mocato Brown / Builder Program - USE REMNMANT THEN MAKE INACTIVE 3cm,MSI QUARTZ,QUARTZ,0
Mocha 3cm,Aspen,QUARTZ,0
Mocha 3cm Polished A 2370,Ceasarstone,QUARTZ,0
Mocha Latte-Discontinued 3cm Polished,Zodiaq,QUARTZ,0
Modern White 2cm Polished,Marble,MARBLE,0
Mombasa 3cm Polished,Granite,GRANITE,0
Montclair White 3cm,MSI QUARTZ,QUARTZ,0
Montgomery 3cm Polished,Cambria,QUARTZ,0
Moon Valley 3cm Polished,Home Depot Granite,QUARTZ,0
Mooreland Fog 3cm Polished A 6046,Ceasarstone,QUARTZ,0
Mountain Mist  12,SileStone,QUARTZ,0
MSI QUARTZ - Calacatta Laza 3cm,MSI QUARTZ,QUARTZ,0
MSI QUARTZ - Calacatta Vicenza 3cm,MSI QUARTZ,QUARTZ,0
MSI QUARTZ - Carrara Marmi 3cm,MSI QUARTZ,QUARTZ,0
MSI QUARTZ - Desert Bloom 3cm,MSI QUARTZ,QUARTZ,0
MSI QUARTZ - Fairy White 3cm,MSI QUARTZ,QUARTZ,0
MSI QUARTZ - Frost White 3cm,MSI QUARTZ,QUARTZ,0
MSI QUARTZ - Gray Lagoon 3cm,MSI QUARTZ,QUARTZ,0
MSI QUARTZ - Iced Gray 3cm,MSI QUARTZ,QUARTZ,0
MSI QUARTZ - Iced White 2cm,MSI QUARTZ,QUARTZ,0
MSI QUARTZ - Iced White 3cm,MSI QUARTZ,QUARTZ,0
MSI QUARTZ - Peppercorn White 3cm,MSI QUARTZ,QUARTZ,0
MSI QUARTZ - Sparkling Black 3cm,MSI QUARTZ,QUARTZ,0
MSI QUARTZ - Sparkling White 3cm,MSI QUARTZ,QUARTZ,0
MSL- Midnight 3cm,LG,QUARTZ,0
MSL-Sierra is Viatera Talus 3cm,LG,QUARTZ,0
Mystery White,Marble,MARBLE,0
Mystic Black 3cm Polished,Zodiaq,QUARTZ,0
Mystic Spring (Cold Spring) 3cm Polished,Home Depot Granite,QUARTZ,0
Natural Limestone 2cm,LG,QUARTZ,0
Natural Limestone 3cm,LG,QUARTZ,0
Nebula 3cm Polished,Zodiaq,QUARTZ,0
Negresco 3cm Brushed,Granite,GRANITE,0
Negresco 3cm Honed,Granite,GRANITE,0
Nero Mist 3cm Honed,Home Depot Granite,QUARTZ,0
Netuno Bourdeuax 3cm Polished,Granite,GRANITE,0
New River White (Yukon White) 3cm Polished,Home Depot Granite,QUARTZ,0
Newport 3cm Polished,Cambria,QUARTZ,0
Nimbus 3cm,LG,QUARTZ,0
Noir Suede,SileStone,QUARTZ,0
Noka,SileStone,QUARTZ,0
Nougat 2cm Polished A 6600,Ceasarstone,QUARTZ,0
NQ97 White Sand 2cm,MSI QUARTZ,QUARTZ,0
Nuage 3cm Polished,Granite,GRANITE,0
Nutmeg-Discontinued 3cm Polished,Zodiaq,QUARTZ,0
Oakhampton 3cm Polished,Cambria,QUARTZ,0
Ocean Jasper,SileStone,QUARTZ,1
Odin Walnut Matte 2cm,Dekton,QUARTZ,0
Organic White 2cm Polished A 4600,Ceasarstone,QUARTZ,0
Orix Matte 2cm,Dekton,QUARTZ,0
Ornamental Light 3cm Polished,Granite,GRANITE,0
Ornamental SY 3cm Polished,Granite,GRANITE,0
Oyster 3cm,LG,QUARTZ,0
Oyster White 3cm Polished,Home Depot Granite,QUARTZ,0
Pacific,SileStone,QUARTZ,0
Papyrus 2cm Polished,Zodiaq,QUARTZ,0
"Paradise 3/4"" Polished",Marble,MARBLE,0
Parys 3cm Polished,Cambria,QUARTZ,0
Pearl Gray 3cm,MSI QUARTZ,QUARTZ,0
Pebble 3cm Polished A 4030,Ceasarstone,QUARTZ,0
Pebble Beach 3cm,Aspen,QUARTZ,0
Pebble Honed 3cm Honed A 4030,Ceasarstone,QUARTZ,0
Pebble Rock 3cm,MSI QUARTZ,QUARTZ,0
Pelican White 3cm,MSI QUARTZ,QUARTZ,0
Pental 3cm Polish ,Granite,GRANITE,0
Persa Blue 3cm Polished,Granite,GRANITE,0
Persa Blue Leather 3cm Polished,Granite,GRANITE,0
Persa Caravellas 3cm Polished,Granite,GRANITE,0
Persa Pearl 3cm Polished,Granite,GRANITE,0
Petrous Cream 3cm Polished,Home Depot Granite,QUARTZ,0
Piatra Grey 2cm Polished A 5003,Ceasarstone,QUARTZ,1
Pietra Imperial 3cm Polished,Granite,GRANITE,0
Poppy Seed-Discontinued 3cm Polished,Zodiaq,QUARTZ,0
Porcelain White 3cm,LG,QUARTZ,0
Portofino 3cm Polished,Home Depot Granite,QUARTZ,0
Portoro 2cm Polished,Zodiaq,QUARTZ,0
Portoro 3cm Polished,Zodiaq,QUARTZ,0
Premium Black 3cm Dual,Granite,GRANITE,0
Premium Black 3cm H,Granite,GRANITE,0
Premium Black 3cm L,Granite,GRANITE,0
Premium Black 3cm Polished,Granite,GRANITE,0
Pulsar,SileStone,QUARTZ,0
Pure White 2cm Polished A 1141,Ceasarstone,QUARTZ,0
Pure White 3cm Polished A 1141,Ceasarstone,QUARTZ,0
,,,
Q4006 Xcaret 3cm,Pental Quartz,QUARTZ,0
Quartet 3cm,LG,QUARTZ,0
Quarttzite Macaubas Fantasy,Granite,GRANITE,0
Quartz Pristine QM2004L,Pental Quartz,QUARTZ,0
Quartzite Blanco Exotico 3cm Polished.,Granite,GRANITE,0
Quartzite Calacatta Milano Polish 3cm,Granite,GRANITE,0
Quartzite Crystal White 3cm Polished,Granite,GRANITE,0
Quartzite Infinity White 3cm Polished,Granite,GRANITE,0
Quartzite Infinity White Polished 3cm,Granite,GRANITE,0
Quartzite Intermezzo,Granite,GRANITE,0
Quartzite Mystery White Polished 3cm,Granite,GRANITE,0
Quartzite Wakanda 3cm polished,Pental Quartz,QUARTZ,0
Quasar,SileStone,QUARTZ,0
Rainbow Tobacco 3cm Polished,Granite,GRANITE,0
Ramsey 3cm Polished,Cambria,QUARTZ,0
Red Dragon 3cm Polished,Granite,GRANITE,0
Red Montana 3cm Polished,Granite,GRANITE,0
Rhino White Honed 3cm,Marble,MARBLE,0
River Bordeaux 3cm Polished,Granite,GRANITE,0
Riverbed,SileStone,QUARTZ,0
Rococo 2cm,LG,QUARTZ,0
Rococo 3cm,LG,QUARTZ,0
Rolling Fog,MSI QUARTZ,QUARTZ,0
Rosa Beta,Granite,GRANITE,0
Rosa Porrino 3cm Polished,Granite,GRANITE,0
Rosewood 3cm Polished,Granite,GRANITE,0
Royal Jade 3cm Polished,Granite,GRANITE,0
Royal Reef,SileStone,QUARTZ,2
Rugged Concrete 3cm Polished A 4003,Ceasarstone,QUARTZ,0
Saddle Brown 2cm Polished,Zodiaq,QUARTZ,0
Saddle Brown 3cm Polished,Zodiaq,QUARTZ,0
Sage-Discontinued 3cm Polished,Zodiaq,QUARTZ,0
Sahara Beige 3cm,MSI QUARTZ,QUARTZ,0
Sahara Blanco 3cm,Aspen,QUARTZ,0
Sahara Noir,SileStone,QUARTZ,0
San Francisco Real 3cm Polished,Granite,GRANITE,0
Sand Drift Ultra Matte 2cm,Dekton,QUARTZ,0
Sandy Beach 3cm Polished,Granite,GRANITE,0
Sanford 3cm Polished,Cambria,QUARTZ,0
Santa Cecelia 3cm Polished,Home Depot Granite,QUARTZ,0
Santa Cecilia 3cm Polished,Granite,GRANITE,0
Santa Cecilia Classic 3cm Polished,Granite,GRANITE,0
Santa Cecilia Light 3cm Polished,Granite,GRANITE,0
Sapphire Brown 3cm Polished,Granite,GRANITE,0
Savanna Gold (Ferro Gold) 3cm Polished,Home Depot Granite,QUARTZ,0
Savannah gold 3cm Polished,Home Depot Granite,QUARTZ,0
Seagrove 3cm Polished,Cambria,QUARTZ,0
Sensa New Ice Blue,Granite,GRANITE,0
SF REAL 11226FE 3cm,Granite,GRANITE,0
Shadow 3cm,LG,QUARTZ,0
Shadow Gray 3cm,MSI QUARTZ,QUARTZ,0
Shadow Storm 3cm Polished,Granite,GRANITE,0
Shitake 2cm Polished A 4230,Ceasarstone,QUARTZ,0
Sienna Bordeaux 3cm Polished,Granite,GRANITE,0
Sienna Ridge 12,SileStone,QUARTZ,0
Silken Pearl,SileStone,QUARTZ,0
Silver Cloud 3cm Brushed & Polished,Home Depot Granite,QUARTZ,0
Silver Lake 2cm,LG,QUARTZ,0
Silver Lake 3cm,LG,QUARTZ,0
Silver Mist 3cm Polished,Home Depot Granite,QUARTZ,0
Silver Paradiso 3cm Polished,Granite,GRANITE,0
Silver Pearl 3cm Polished,Granite,GRANITE,0
Silver Sparkle 3cm Polished,Granite,GRANITE,0
"Silver Stone 3/4"" Polished",Marble,MARBLE,0
Silvestre Gray 3cm Polished,Granite,GRANITE,0
Sirocco Polished 2cm,Dekton,QUARTZ,0
Skara Brae 3cm Polished,Cambria,QUARTZ,0
Slate 3cm,LG,QUARTZ,0
Sleek Concrete 2cm Concrete Fi 4003,Ceasarstone,QUARTZ,0
Sleek Concrete 2cm Concrete Finish A 4003,Ceasarstone,QUARTZ,0
Sleek Concrete 3cm Polished A 4003,Ceasarstone,QUARTZ,0
Smokey Topaz-Discontinued 3cm Polished,Zodiaq,QUARTZ,0
Snow Meadow 3cm,Aspen,QUARTZ,0
Snow Storm 3cm,LG,QUARTZ,0
Snow White 2cm Polished,Zodiaq,QUARTZ,0
Snow White 3cm,MSI QUARTZ,QUARTZ,0
Snowdon White 3cm Polished,Cambria,QUARTZ,0
Snowdrift 2cm Polished,Zodiaq,QUARTZ,0
Snowfall 3cm Polished,Home Depot Granite,QUARTZ,0
Sogne Ultra Shine 2cm,Dekton,QUARTZ,0
Soke Matte 2cm,Dekton,QUARTZ,0
Sol / Cameo 3cm,LG,QUARTZ,0
Solar Canyon 3cm,LG,QUARTZ,0
Space Black-Discontinued 2cm Polished,Zodiaq,QUARTZ,0
Space Black-Discontinued 3cm Polished,Zodiaq,QUARTZ,0
Splendor Polished 2cm,Dekton,QUARTZ,0
Splendour White 3cm Polished,Granite,GRANITE,0
Spring 3cm,Aspen,QUARTZ,0
St Cecilia Classic - Sub Amber Yellow 2cm Polished,Granite,GRANITE,0
St Cecilia Classic - Sub Amber Yellow 3cm Polished,Granite,GRANITE,0
St Cecilia LC 3cm Polished,Granite,GRANITE,0
"Statuarietto Extra 3/4"" Polished",Marble,MARBLE,0
Statuarietto Extra 3cm Polished,Marble,MARBLE,0
Statuario 3cm,Aspen,QUARTZ,0
Statuario 3cm Polished,Granite,GRANITE,0
Statuario Bianco 3cm,Aspen,QUARTZ,0
Statuario Classic 3cm,Aspen,QUARTZ,0
Statuario Extra 3cm,Aspen,QUARTZ,0
Statuario Maximus 5031 3cm,Ceasarstone,QUARTZ,0
Statuario Nuvo 3cm Polished A 5111,Ceasarstone,QUARTZ,0
Statuaritto 3cm Polished,Marble,MARBLE,0
Statuary Classique 3cm,MSI QUARTZ,QUARTZ,0
Statuary Venato Thin Vein 2cm Polished,Marble,MARBLE,0
Stellar Gray 3cm,MSI QUARTZ,QUARTZ,0
Stellar Night,SileStone,QUARTZ,1
Stellar Snow 13,SileStone,QUARTZ,0
Storm Grey 2cm Polished,Zodiaq,QUARTZ,0
Storm Grey 3cm Polished,Zodiaq,QUARTZ,0
Strato Matte 2cm,Dekton,QUARTZ,0
Stratus White 2cm Polished,Zodiaq,QUARTZ,0
Stratus White 3cm Polished,Zodiaq,QUARTZ,0
Sucuri 3cm Polished,Granite,GRANITE,0
Summerhill 3cm Polished,Cambria,QUARTZ,0
Superlative 3cm Polished,Zodiaq,QUARTZ,0
Supreme 3cm Polished,Granite,GRANITE,0
Sutton 3cm Polished,Cambria,QUARTZ,0
Swan Gray 3cm Polished,Home Depot Granite,QUARTZ,0
,,,0
Swiss Alps 3cm Polished,Granite,GRANITE,0
Symphony 3cm,LG,QUARTZ,0
Symphony Grey 3cm Polished A 5133,Ceasarstone,QUARTZ,0
Taga Ultra Shine 3cm,Dekton,QUARTZ,0
Taj White 3cm Polished,Marble,MARBLE,0
Tan Brown 2cm Polished,Granite,GRANITE,0
Taupe 3cm Polished,Granite,GRANITE,0
Taupe Gold 3cm Polished,Granite,GRANITE,0
Tebas Black,SileStone,QUARTZ,1
Tenby Cream 2cm Polished,Cambria,QUARTZ,0
Texas Blue 3cm Polished,Granite,GRANITE,0
Texas Brown 3cm Polished,Granite,GRANITE,0
Thunder white 3cm Polished,Granite,GRANITE,0
Tiger White 3cm Polished,Granite,GRANITE,0
Tigris Sand,SileStone,QUARTZ,0
Titanium 3cm Polished,Granite,GRANITE,0
Trillium Ultra Matte 2cm,Dekton,QUARTZ,0
Tropical Brown 3cm Polished,Granite,GRANITE,0
Tundra Ultra Shine 2cm,Dekton,QUARTZ,0
Typhoon Gold 3cm Polished,Granite,GRANITE,0
Ubatuba 3cm Polished,Granite,GRANITE,0
Unsui,SileStone,QUARTZ,0
Vadara Oscuro,Pental Quartz,QUARTZ,0
Valle Nevado (utilize Pre-fab stock if possible ) 3cm Polished,Home Depot Granite,QUARTZ,0
Vanilla Noir 2cm Polished A 5100,Ceasarstone,QUARTZ,0
Vapour Matte 2cm,Dekton,QUARTZ,0
Venato 3cm,Aspen,QUARTZ,0
Venato Extra 3cm,Aspen,QUARTZ,0
Venato Gioia 3cm Polished,Marble,MARBLE,0
Venetian Ice 3cm Polished,Granite,GRANITE,0
Verde Butterfly 3cm Polished,Granite,GRANITE,0
Verde Fucco 3cm Polished,Granite,GRANITE,0
Via Lactea 3cm Polished,Granite,GRANITE,0
Viatera Minuet 3cm Polished,LG,QUARTZ,0
Viatera Quartz Scorpio 3cm Polish,LG,QUARTZ,0
Victoria Regia 3cm Polished,Granite,GRANITE,0
Vintage 3cm Polished,Granite,GRANITE,0
"Virginia Mist 3"" H",Granite,GRANITE,0
Virginia Mist 3cm Honed,Granite,GRANITE,0
Viscon White 3cm Leather,Granite,GRANITE,0
Viscon White 3cm Polished,Granite,GRANITE,2
Viscont White 3cm Polished,Granite,GRANITE,0
Vortium,SileStone,QUARTZ,0
Warm Taupe-Discontinued 3cm Polished,Zodiaq,QUARTZ,0
Wentwood. 3cm Polished,Cambria,QUARTZ,0
Weybourne 2cm Polished,Cambria,QUARTZ,0
Whisper White 3cm Polished,Home Depot Granite,QUARTZ,0
White 3cm Polished,Aspen,QUARTZ,0
White Alpha 3cm Leather and Polished,Granite,GRANITE,0
White Alpha 3cm Polished,Granite,GRANITE,0
White Antico (see also Ashmont) 3cm Polished,Home Depot Granite,QUARTZ,0
White Arabesque 3cm,SileStone,QUARTZ,0
White Arabesuque,Granite,GRANITE,0
White Bahamas 3cm Polished,Granite,GRANITE,0
White Beauty 3cm Polished,Granite,GRANITE,0
White Carra 3 cm - please use first Marble 3cm Polished,Granite,GRANITE,0
White Carrara 2cm Polished,Marble,MARBLE,0
White Diamond,SileStone,QUARTZ,0
,,,0
White Macaubas,Granite,GRANITE,0
White North 14,SileStone,QUARTZ,0
White Platnium,SileStone,QUARTZ,0
White Silk (= Cotton White) 3cm,LG,QUARTZ,0
White Sparkle 2cm Polished,Granite,GRANITE,0
White Sparkle 3cm,Aspen,QUARTZ,0
White Sparkle 3cm Polished,Home Depot Granite,QUARTZ,0
White Storm  14,SileStone,QUARTZ,0
White Wave 3cm Polished,Granite,GRANITE,0
Whitehall 2cm Polished,Cambria,QUARTZ,0
Whitehall 3cm Polished,Cambria,QUARTZ,0
Whitney 3cm Polished,Cambria,QUARTZ,0
Wild Rice 2cm Polished A 4360,Ceasarstone,QUARTZ,0
Williston 2cm Polished,Cambria,QUARTZ,0
Williston 3cm Polished,Cambria,QUARTZ,0
Windermere 3cm Polished,Cambria,QUARTZ,0
Woodlands 2cm Polished A 6338,Ceasarstone,QUARTZ,0
Yukon Blanco,SileStone,QUARTZ,0
Zenith Matte 2cm,Dekton,QUARTZ,0
Zenith Polished 2cm,Dekton,QUARTZ,0
Zodiaq - Toffee 3cm Polished,Zodiaq,QUARTZ,0