Customer Type,Material Type,Material,Brand,Level,Price
Residential,Luna Pearl 3cm Polished,Granite,GRANITE,N/A,N/A
Residential,Bianco Pure,Granite,GRANITE,N/A,N/A
Residential,Leaden,Hanstone,QUARTZ,N/A,N/A
Residential,BG880 Awaken,Hanstone,QUARTZ,N/A,N/A
Residential,Piatra Grey 2cm Polished A 5003,Ceasarstone,QUARTZ,N/A,N/A
Residential,Q1017 Vesuvius 3cm,MSI QUARTZ,QUARTZ,N/A,N/A
Residential,Calacatta Arno,MSI QUARTZ,QUARTZ,N/A,N/A
Residential,Swanbridge 3cm Polished,Cambria,QUARTZ,N/A,N/A
Residential,White Galaxy 3cm Polished,Granite,GRANITE,N/A,N/A
Residential,Calacatta,Marble,Marble,N/A,N/A
Residential,Pietra,SileStone,QUARTZ,N/A,N/A
Residential,Viscon White 3cm Polished,Granite,GRANITE,N/A,N/A
Residential,Lyra,SileStone,QUARTZ,N/A,N/A
Residential,White G 3cm Polished,Granite,GRANITE,N/A,N/A
Residential,AMG QuartzSC06 White Sand - Polished 2cm,Pre-fabricated,GRANITE,N/A,N/A
Residential,Lusso,SileStone,QUARTZ,N/A,N/A
Residential,Fantasy Brown 3cm Polished,Marble,MARBLE,N/A,N/A
Residential,Pearl Jasmine,SileStone,QUARTZ,N/A,N/A
Residential,Aspen - Casablanca,Aspen,QUARTZ,N/A,N/A
Residential,White Fantasy 3cm Polished,Granite,GRANITE,N/A,N/A
Residential,White Sand,Home Depot Granite,QUARTZ,N/A,N/A
Residential,Mont Blanc 3cm Polished,Marble,MARBLE,N/A,N/A
Residential,NEW VENETIAN GOLD,Granite,GRANITE,N/A,N/A
Residential,Desert Bloom,Aspen,QUARTZ,N/A,N/A
Residential,Statuario,Aspen,QUARTZ,N/A,N/A
Residential,Eternal Calacatta Gold,SileStone,QUARTZ,N/A,N/A
Residential,Taj Royale,Ceasarstone,QUARTZ,N/A,N/A
Residential,Blanco City,SileStone,QUARTZ,N/A,N/A
Residential,Steel Grey 3cm Leather and Polished,Granite,GRANITE,N/A,N/A
Residential,Granite - Colonial White 3cm Polished,Granite,GRANITE,N/A,N/A
Residential,MSI QUARTZ - Carrara Mist 3cm,MSI QUARTZ,QUARTZ,N/A,N/A
Residential,Nevasca Mist,Home Depot Granite,QUARTZ,N/A,N/A
Residential,RIDGEGATE,Cambria,QUARTZ,N/A,N/A
Residential,Noble Grey 5211,SileStone,QUARTZ,N/A,N/A
Residential,Calacatta Naples 3cm,Aspen,QUARTZ,N/A,N/A
Residential,Calacatta Primo 3cm,Aspen,QUARTZ,N/A,N/A
Residential,OQ42 Freedom Calacatta,MSI QUARTZ,QUARTZ,N/A,N/A
Residential,Salinas White 3cm Polished,Granite,GRANITE,N/A,N/A
Residential,Bianco Antico 3cm Dual,Granite,GRANITE,N/A,N/A
Residential,White Carrara 3cm Polished,Marble,MARBLE,N/A,N/A
Residential,Ariel,SileStone,QUARTZ,N/A,N/A
Residential,Calacatta Classic 3cm,Aspen,QUARTZ,N/A,N/A
Residential,Charcoal Soapstone,SileStone,QUARTZ,N/A,N/A
Residential,Tan Brown 3cm Polished,Granite,GRANITE,N/A,N/A
Residential,Giallo Ornamental,Home Depot Granite,QUARTZ,N/A,N/A
Residential,Aspen - Sparkling White (Snow Meadow) 3cm,Aspen,QUARTZ,N/A,N/A
Residential,White Zeus,SileStone,QUARTZ,N/A,N/A
Residential,Aspen Telarro,Aspen,QUARTZ,N/A,N/A
Residential,Blue Pearl GT 3cm Polished,Granite,GRANITE,N/A,N/A
Residential,Grey Expo,SileStone,QUARTZ,N/A,N/A
Residential,Delicatus White 3cm Polished,Granite,GRANITE,N/A,N/A
Residential,Fossil Gray 3cm,MSI QUARTZ,QUARTZ,N/A,N/A
Residential,Lagoon,SileStone,QUARTZ,N/A,N/A
Residential,PATAGONIA AVP 3cm Polished,Granite,GRANITE,N/A,N/A
Residential,Blanco Maple 14,SileStone,QUARTZ,N/A,N/A
Residential,Blanco Orion,SileStone,QUARTZ,N/A,N/A
Residential,Calacatta Antartica 3cm,Aspen,QUARTZ,N/A,N/A
Residential,Colonial Gold 3cm Polished,Granite,GRANITE,N/A,N/A
Residential,Giallo Fiorito 3cm Polished,Granite,GRANITE,N/A,N/A
Residential,Peacock Green 3cm Polished,Granite,GRANITE,N/A,N/A
Residential,Baltic Brown 3cm Polished,Granite,GRANITE,N/A,N/A
Residential,Chesapeake Blue = MSI Whisper White 3cm Polished,Home Depot Granite,QUARTZ,N/A,N/A
Residential,Aspen - Calacatta Laza 3cm,Aspen,QUARTZ,N/A,N/A
Residential,Home Depot Granite - Blue Pearl 3cm Polished,Home Depot Granite,QUARTZ,N/A,N/A
Residential,Snow Fall 3cm Polished,Granite,GRANITE,N/A,N/A
Residential,Snow White 3cm Polished,Zodiaq,QUARTZ,N/A,N/A
Residential,Granite - Bianco Antico 3cm Polished,Granite,GRANITE,N/A,N/A
Residential,Granite - Crema Caramel 3cm Polished,Granite,GRANITE,N/A,N/A
Residential,Coarse Carrara 3cm,Aspen,QUARTZ,N/A,N/A
Residential,Home Depot Granite - Moon White 3cm Polished,Home Depot Granite,QUARTZ,N/A,N/A
Residential,Quartzite Fusion,Granite,GRANITE,N/A,N/A
Residential,Marengo,SileStone,QUARTZ,N/A,N/A
Residential,Granite - African Rainbow 3cm Polished,Granite,GRANITE,N/A,N/A
Residential,Ocean Storm,SileStone,QUARTZ,N/A,N/A
Residential,White Attica  3cm Polished,Ceasarstone,QUARTZ,N/A,N/A
Residential,Carrara Morro 3cm,MSI QUARTZ,QUARTZ,N/A,N/A
Residential,Calacatta Antarctica (Antartica),MSI QUARTZ,QUARTZ,N/A,N/A
Residential,Absolute Black 3cm Polished,Granite,GRANITE,N/A,N/A
Residential,Alpina White  08,SileStone,QUARTZ,N/A,N/A
Residential,Angola Blue 3cm Polished,Granite,GRANITE,N/A,N/A
Residential,Antique Pearl 3cm Polished,Zodiaq,QUARTZ,N/A,N/A
Residential,Arabescus White (Arabescus Carrara) 3cm Polished,Marble,MARBLE,N/A,N/A
Residential,Azul Celeste 3cm Brushed,Home Depot Granite,QUARTZ,N/A,N/A
Residential,Blanca Statuarietto 3cm,MSI QUARTZ,QUARTZ,N/A,N/A
Residential,Calacatta Classique 3cm,MSI QUARTZ,QUARTZ,N/A,N/A
Residential,Calacatta Verona 3cm,MSI QUARTZ,QUARTZ,N/A,N/A
Residential,Home Depot Granite - Azul Platino 3cm Polished,Home Depot Granite,QUARTZ,N/A,N/A
Residential,Noir,Granite,GRANITE,N/A,N/A
Residential,Portrush,Cambria,QUARTZ,N/A,N/A
Residential,Pure White 3cm,Aspen,QUARTZ,N/A,N/A
Residential,Quartzite Wakanda Polished 3cm,Granite,GRANITE,N/A,N/A
Residential,Steel Grey 3cm Leather,Granite,GRANITE,N/A,N/A
Residential,Viatera Quartz Muse 3cm,LG,QUARTZ,N/A,N/A
Residential,White Ice 3cm Polished,Granite,GRANITE,N/A,N/A
Residential,Zodiaq - Corian Quartz Valente Pearl 3cm Polish,Zodiaq,QUARTZ,N/A,N/A
Residential,Absolute Black 3cm Dual,Granite,GRANITE,N/A,N/A
Residential,Arctic White 3cm,MSI QUARTZ,QUARTZ,N/A,N/A
Residential,Black Galaxy 2cm Polished,Granite,GRANITE,N/A,N/A
Residential,Botticino 3cm,Aspen,QUARTZ,N/A,N/A
Residential,Concerto 3cm,MSI QUARTZ,QUARTZ,N/A,N/A
Residential,Home Depot Granite - Sapphire Blue 3cm Polished,Home Depot Granite,QUARTZ,N/A,N/A
Residential,Ivory Coast 3cm,Aspen,QUARTZ,N/A,N/A
Residential,Portinari 3cm Polished,Marble,MARBLE,N/A,N/A
Residential,Super White,Marble,MARBLE,N/A,N/A
Residential,Toasted Almond 3cm,MSI QUARTZ,QUARTZ,N/A,N/A
Residential,Perla White 3cm,MSI QUARTZ,QUARTZ,N/A,N/A
Residential,Aspen - Iced White 2cm,Aspen,QUARTZ,N/A,N/A
Residential,Aspen - Peppercorn White 3cm,Aspen,QUARTZ,N/A,N/A
Residential,Bianco Calacatta,SileStone,QUARTZ,N/A,N/A
Residential,Bordeaux 3cm Polished,Granite,GRANITE,N/A,N/A
Residential,Casa Blanca 3cm Polished,Granite,GRANITE,N/A,N/A
Residential,Granite - Azul Platino 3cm Polished,Granite,GRANITE,N/A,N/A
Residential,Granite - New Caledonia 3cm Polished,Granite,GRANITE,N/A,N/A
Residential,Granite - Sapphire Blue 3cm Polished,Granite,GRANITE,N/A,N/A
Residential,Granite - Steel Grey 3cm Polished,Granite,GRANITE,N/A,N/A
Residential,Helix,SileStone,QUARTZ,N/A,N/A
Residential,Quartzite White Pearl 3cm Polished.,Granite,GRANITE,N/A,N/A
Residential,Urban Frost,SileStone,QUARTZ,N/A,N/A
Residential,Aspen - Sparkling Black 3cm,Aspen,QUARTZ,N/A,N/A
Residential,Calacatta Lucia 3cm,Aspen,QUARTZ,N/A,N/A
Residential,Cashmere Carrara 3cm,MSI QUARTZ,QUARTZ,N/A,N/A
Residential,Glacier White 3cm,MSI QUARTZ,QUARTZ,N/A,N/A
Residential,Granite - White Spring 3cm Polished,Granite,GRANITE,N/A,N/A
Residential,Manhattan Gray 3cm,MSI QUARTZ,QUARTZ,N/A,N/A
Residential,Raven 2cm Polished A 4120,Ceasarstone,QUARTZ,N/A,N/A
Residential,Aspen - Iced White 3cm,Aspen,QUARTZ,N/A,N/A
Residential,Lava Roca(Leather Finish) 3cm,Aspen,QUARTZ,N/A,N/A
Residential,Volakas 3cm Polished,Marble,MARBLE,N/A,N/A
Residential,MARINE BLACK,SOAPSTONE,QUARTZ,N/A,N/A
Residential,Solarius 3cm Polished,Granite,GRANITE,N/A,N/A
Residential,White Cliff 1cm Polished,Cambria,QUARTZ,N/A,N/A
Residential,White Wave 3cm Dual,Granite,GRANITE,N/A,N/A
Residential,Giallo Ornamental 3cm Polished,Granite,GRANITE,N/A,N/A
Residential,Granite - Blue Pearl 3cm Polished,Granite,GRANITE,N/A,N/A
Residential,3014 3cm,Aspen,QUARTZ,N/A,N/A
Residential,Absolute Cream 3cm Polished,Granite,GRANITE,N/A,N/A
Residential,Absolute Noir 3cm Polished A 6100,Ceasarstone,QUARTZ,N/A,N/A
Residential,Adamantium 3cm Polished,Granite,GRANITE,N/A,N/A
Residential,Aged Timber Matte 2cm,Dekton,QUARTZ,N/A,N/A
Residential,Alaska White 3cm Polished,Granite,GRANITE,N/A,N/A
Residential,Alba 3cm,LG,QUARTZ,N/A,N/A
Residential,Alpine 3cm,MSI QUARTZ,QUARTZ,N/A,N/A
Residential,Alpine Mist,Ceasarstone,QUARTZ,N/A,N/A
Residential,Alpine Valley 3cm Polished,Home Depot Granite,QUARTZ,N/A,N/A
Residential,Alpine White 2cm Polished,Granite,GRANITE,N/A,N/A
Residential,Alpinus White 2cm Polished,Granite,GRANITE,N/A,N/A
Residential,Altai 3cm,Aspen,QUARTZ,N/A,N/A
Residential,Altair  15,SileStone,QUARTZ,N/A,N/A
Residential,Altea 3cm Polished,Pental Quartz,QUARTZ,N/A,N/A
Residential,Amarello Ornamental 3cm Polished,Home Depot Granite,QUARTZ,N/A,N/A
Residential,Amarello Ornamental. 3cm Polished,Granite,GRANITE,N/A,N/A
Residential,Amber 3cm,Aspen,QUARTZ,N/A,N/A
Residential,Andino White 3cm Polished,Home Depot Granite,QUARTZ,N/A,N/A
Residential,Andromeda White 3cm Polished,Granite,GRANITE,N/A,N/A
Residential,Angelus 3cm Polished,Granite,GRANITE,N/A,N/A
Residential,Angola Black 3cm Polished,Granite,GRANITE,N/A,N/A
Residential,Annica 2cm Polished,Cambria,QUARTZ,N/A,N/A
Residential,Annicca 3cm Polished,Cambria,QUARTZ,N/A,N/A
Residential,Antella 3cm,LG,QUARTZ,N/A,N/A
Residential,Antico Pearl 3cm,LG,QUARTZ,N/A,N/A
Residential,Antique Limestone 3cm,LG,QUARTZ,N/A,N/A
Residential,Arabescato 3cm Polished,Pental Quartz,QUARTZ,N/A,N/A
Residential,Arctic White 3cm Polished,Granite,GRANITE,N/A,N/A
Residential,Arga Polished 2cm,Dekton,QUARTZ,N/A,N/A
Residential,Aria 3cm,LG,QUARTZ,N/A,N/A
Residential,Ashen White 3cm Polished,Granite,GRANITE,N/A,N/A
Residential,Aspen - Calacatta Vicenza 3cm,Aspen,QUARTZ,N/A,N/A
Residential,Aspen - Carrara Marmi 3cm,Aspen,QUARTZ,N/A,N/A
Residential,Aspen - Carrara Mist 3cm,Aspen,QUARTZ,N/A,N/A
Residential,Aspen - Cirrus 3cm,Aspen,QUARTZ,N/A,N/A
Residential,Aspen - Desert Bloom 3cm,Aspen,QUARTZ,N/A,N/A
Residential,Aspen - Fairy White 3cm,Aspen,QUARTZ,N/A,N/A
Residential,Aspen - Frost White 3cm,Aspen,QUARTZ,N/A,N/A
Residential,Aspen - Gray Lagoon 3cm,Aspen,QUARTZ,N/A,N/A
Residential,Aspen - Iced Gray 3cm,Aspen,QUARTZ,N/A,N/A
Residential,Aspen - Soprano 3cm,Aspen,QUARTZ,N/A,N/A
Residential,Aspen - Sparkling White 3cm,Aspen,QUARTZ,N/A,N/A
Residential,Astoria 3cm Polished,Granite,GRANITE,N/A,N/A
Residential,Audax 3cm Polished,Granite,GRANITE,N/A,N/A
Residential,Aura 3cm,LG,QUARTZ,N/A,N/A
Residential,Aura Honed 2cm,Dekton,QUARTZ,N/A,N/A
Residential,Aura Matte 3cm,Dekton,QUARTZ,N/A,N/A
Residential,Aura Polished 2cm,Dekton,QUARTZ,N/A,N/A
Residential,Autumn Light-Discontinued 3cm Polished,Zodiaq,QUARTZ,N/A,N/A
Residential,Avalanche 3cm Polished,Granite,GRANITE,N/A,N/A
Residential,Avalon White 3cm Polished,Granite,GRANITE,N/A,N/A
Residential,Azul Celeste 3cm Polished,Home Depot Granite,QUARTZ,N/A,N/A
Residential,Babylon Gray 3cm,MSI QUARTZ,QUARTZ,N/A,N/A
Residential,Bainbrook Brown 3cm Polished,Granite,GRANITE,N/A,N/A
Residential,Bala Blue 3cm Polished,Cambria,QUARTZ,N/A,N/A
Residential,"Baltic Gray 3/4"" Polished",Marble,MARBLE,N/A,N/A
Residential,Bamboo,SileStone,QUARTZ,N/A,N/A
Residential,Bayshore Sand 3cm,MSI QUARTZ,QUARTZ,N/A,N/A
Residential,Beaumont 3cm Polished,Cambria,QUARTZ,N/A,N/A
Residential,Beige Butterfly 3cm Polished,Granite,GRANITE,N/A,N/A
Residential,Bellemonte 3cm,LG,QUARTZ,N/A,N/A
Residential,Bellingham 3cm Polished,Cambria,QUARTZ,N/A,N/A
Residential,Bentley 2cm Polished,Cambria,QUARTZ,N/A,N/A
Residential,Bentley 3cm Polished,Cambria,QUARTZ,N/A,N/A
Residential,Bergen Polished 2cm,Dekton,QUARTZ,N/A,N/A
Residential,Berwyn 3cm Matte,Cambria,QUARTZ,N/A,N/A
Residential,Berwyn 3cm Polished,Cambria,QUARTZ,N/A,N/A
Residential,Bianco Assoluto,Granite,GRANITE,N/A,N/A
Residential,Bianco Bellisimo 3cm,Aspen,QUARTZ,N/A,N/A
Residential,Bianco Catalina 3cm Polished,Home Depot Granite,QUARTZ,N/A,N/A
Residential,Bianco Drift 3cm Polished A 6131,Ceasarstone,QUARTZ,N/A,N/A
Residential,Bianco Frost (HD color name Silver Mist) 3cm Polished,Home Depot Granite,QUARTZ,N/A,N/A
Residential,Bianco Gioia 3cm Dual,Marble,MARBLE,N/A,N/A
Residential,Bianco Halcyon 3cm Polished,Granite,GRANITE,N/A,N/A
Residential,Bianco Primata (HD Silver Mist) 3cm Polished,Granite,GRANITE,N/A,N/A
Residential,Bianco Romano 3cm Polished,Home Depot Granite,QUARTZ,N/A,N/A
Residential,Black 3cm Polished,Cambria,QUARTZ,N/A,N/A
Residential,Black and White 3cm Polished,Granite,GRANITE,N/A,N/A
Residential,Black Pearl (Pearl Gray) 3cm Brushed,Home Depot Granite,QUARTZ,N/A,N/A
Residential,Black Pearl 3cm Brushed,Granite,GRANITE,N/A,N/A
Residential,Black Pearl 3cm Polished,Granite,GRANITE,N/A,N/A
Residential,Black Pearl-Front Polished/Back Leather 3cm Polished,Granite,GRANITE,N/A,N/A
Residential,Black Quasar 3cm Polished,Zodiaq,QUARTZ,N/A,N/A
Residential,Blanc Concrete Polished 2cm,Dekton,QUARTZ,N/A,N/A
Residential,Blanca Arabescato 3cm,MSI QUARTZ,QUARTZ,N/A,N/A
Residential,Blanca Arebescato 3cm,Aspen,QUARTZ,N/A,N/A
Residential,Blanco Matrix,SileStone,QUARTZ,N/A,N/A
Residential,Blanco Taupe,Home Depot Granite,QUARTZ,N/A,N/A
Residential,Blaze Polished 2cm,Dekton,QUARTZ,N/A,N/A
Residential,Blizzard 2cm Polished A 2141,Ceasarstone,QUARTZ,N/A,N/A
Residential,Blizzard 3cm Polished A 2141,Ceasarstone,QUARTZ,N/A,N/A
Residential,Blue Carrara 3cm Polished,Zodiaq,QUARTZ,N/A,N/A
Residential,"Blue De Savoie 3/4"" Honed",Marble,MARBLE,N/A,N/A
Residential,Blue Dunes 3cm Polished,Granite,GRANITE,N/A,N/A
Residential,Blue Fantasy 3cm Polished,Granite,GRANITE,N/A,N/A
Residential,Blue Nile 3cm Polished,Granite,GRANITE,N/A,N/A
Residential,Blue Ridge 2cm Polished,Marble,MARBLE,N/A,N/A
Residential,Blue Sahara  12,SileStone,QUARTZ,N/A,N/A
Residential,Bohemian Gray 3cm Polished,Home Depot Granite,QUARTZ,N/A,N/A
Residential,Botticino Semiclassico 3cm Polished,Marble,MARBLE,N/A,N/A
Residential,Bourbon 3cm,LG,QUARTZ,N/A,N/A
Residential,BradFord 3cm Polished,Cambria,QUARTZ,N/A,N/A
Residential,Braemar 3cm Polished,Cambria,QUARTZ,N/A,N/A
Residential,Brass Blue 3cm Polished,Granite,GRANITE,N/A,N/A
Residential,Brazilian Black 3cm Polished,Granite,GRANITE,N/A,N/A
Residential,Brecken 3cm,Aspen,QUARTZ,N/A,N/A
Residential,Bristol Blue 2cm Polished,Cambria,QUARTZ,N/A,N/A
Residential,Brittanicca 2cm Polished,Cambria,QUARTZ,N/A,N/A
Residential,Brittanicca 3cm Polished,Cambria,QUARTZ,N/A,N/A
Residential,Buckingham 3cm Polished,Cambria,QUARTZ,N/A,N/A
Residential,Burton Brown 3cm Polished,Cambria,QUARTZ,N/A,N/A
Residential,Butterfly Gold 3cm,Aspen,QUARTZ,N/A,N/A
Residential,Butterfly Green 3cm Polished,Granite,GRANITE,N/A,N/A
Residential,Buttermilk 2cm Polished A 4220,Ceasarstone,QUARTZ,N/A,N/A
Residential,Calacatta Antartica,Aspen,QUARTZ,N/A,N/A
Residential,Calacatta Arabescatto 3cm Polished,Marble,MARBLE,N/A,N/A
Residential,Calacatta Botanica  3cm,MSI QUARTZ,QUARTZ,N/A,N/A
Residential,Calacatta Botanica 3cm,MSI QUARTZ,QUARTZ,N/A,N/A
Residential,Calacatta Classic 2cm,Aspen,QUARTZ,N/A,N/A
Residential,Calacatta Gold 3cm Polished,Marble,MARBLE,N/A,N/A
Residential,Calacatta Gold Extra 3cm Polished,Marble,MARBLE,N/A,N/A
Residential,Calacatta- Honed 1.2cm,Aspen,QUARTZ,N/A,N/A
Residential,Calacatta Namibia 3cm Polished,Marble,MARBLE,N/A,N/A
Residential,Calacatta Nueva 3cm,Aspen,QUARTZ,N/A,N/A
Residential,Calacatta Nuvo 2cm Polished A 5131,Ceasarstone,QUARTZ,N/A,N/A
Residential,Calacatta Nuvo. 2cm Polished A 5131,Ceasarstone,QUARTZ,N/A,N/A
Residential,Calacatta Optima 3cm,Aspen,QUARTZ,N/A,N/A
Residential,Calacatta Pearl 3cm,MSI QUARTZ,QUARTZ,N/A,N/A
Residential,Calacatta Tucci 2cm Polished,Marble,MARBLE,N/A,N/A
Residential,Calacatta Ultra 3cm,MSI QUARTZ,QUARTZ,N/A,N/A
Residential,Calacatta Venice 3cm,MSI QUARTZ,QUARTZ,N/A,N/A
Residential,Calcite Azul 3cm Polished,Marble,MARBLE,N/A,N/A
Residential,Caldera 3cm Polished A 6684,Ceasarstone,QUARTZ,N/A,N/A
Residential,Calico White Polished 3cm,Home Depot Granite,QUARTZ,N/A,N/A
Residential,Calypso,SileStone,QUARTZ,N/A,N/A
Residential,Cameo is now Viatera Sol 3cm,LG,QUARTZ,N/A,N/A
Residential,Cameo Shore (=Venice Cream) 3cm Polished,Home Depot Granite,QUARTZ,N/A,N/A
Residential,Canadian Blue 3cm Polished,Marble,MARBLE,N/A,N/A
Residential,Canvas 3cm,MSI QUARTZ,QUARTZ,N/A,N/A
Residential,Capri Limestone,SileStone,QUARTZ,N/A,N/A
Residential,Caravelas 3cm Polished,Granite,GRANITE,N/A,N/A
Residential,Caraway 3cm Polished,Zodiaq,QUARTZ,N/A,N/A
Residential,Cardiff Cream 3cm Polished,Cambria,QUARTZ,N/A,N/A
Residential,Carioca Gold 3cm Polished,Granite,GRANITE,N/A,N/A
Residential,Carnaval 3cm Polished,Granite,GRANITE,N/A,N/A
Residential,Carrara Caldia 3cm,MSI QUARTZ,QUARTZ,N/A,N/A
Residential,Carrara Grigio 3cm,MSI QUARTZ,QUARTZ,N/A,N/A
Residential,Carrara Iris 3cm Polished,MSI QUARTZ,QUARTZ,N/A,N/A
Residential,Carrick 3cm Matte,Cambria,QUARTZ,N/A,N/A
Residential,Carrick 3cm Polished,Cambria,QUARTZ,N/A,N/A
Residential,Cascado (Sea Cliff) 3cm,LG,QUARTZ,N/A,N/A
Residential,Cashmere 3cm Polished,Pental Quartz,QUARTZ,N/A,N/A
Residential,Cashmere Carrara-Discontinued 2cm Polished,Zodiaq,QUARTZ,N/A,N/A
Residential,Cashmere Oro 3cm,MSI QUARTZ,QUARTZ,N/A,N/A
Residential,Castle 3cm,LG,QUARTZ,N/A,N/A
Residential,Catania 3cm,Aspen,QUARTZ,N/A,N/A
Residential,Caucasus 3cm,Aspen,QUARTZ,N/A,N/A
Residential,CC103 3cm,Aspen,QUARTZ,N/A,N/A
Residential,Celador Smokey Grey 3cm Polished,MSI QUARTZ,QUARTZ,N/A,N/A
Residential,Celeste 3cm,LG,QUARTZ,N/A,N/A
Residential,Celestial Blue-Discontinued 3cm Polished,Zodiaq,QUARTZ,N/A,N/A
Residential,Cemento,SileStone,QUARTZ,N/A,N/A
Residential,Cemento 2cm,Aspen,QUARTZ,N/A,N/A
Residential,Charston 3cm Polished,Cambria,QUARTZ,N/A,N/A
Residential,Chesnut-Discontinued 3cm Polished,Zodiaq,QUARTZ,N/A,N/A
Residential,Chrome,SileStone,QUARTZ,N/A,N/A
Residential,Cianacus 3cm Polished,Granite,GRANITE,N/A,N/A
Residential,Cinnamon Spice-Discontinued 3cm Polished,Zodiaq,QUARTZ,N/A,N/A
Residential,Civita 3cm,Aspen,QUARTZ,N/A,N/A
Residential,Clarino 3cm,LG,QUARTZ,N/A,N/A
Residential,Classic White,SileStone,QUARTZ,N/A,N/A
Residential,Cloud White 2cm Polished,Zodiaq,QUARTZ,N/A,N/A
Residential,Cloud White 3cm Polished,Zodiaq,QUARTZ,N/A,N/A
Residential,Coarse Botticino-Discontinued 3cm Polished,Zodiaq,QUARTZ,N/A,N/A
Residential,Coarse Carrera 2cm Polished,Zodiaq,QUARTZ,N/A,N/A
Residential,Coarse Carrera 3cm Polished,Zodiaq,QUARTZ,N/A,N/A
Residential,Coarse Marfil 3cm Polished,Zodiaq,QUARTZ,N/A,N/A
Residential,Coarse Pepper 3cm Polished,Zodiaq,QUARTZ,N/A,N/A
Residential,Coastal Grey- 6003 3cm Polished,Ceasarstone,QUARTZ,N/A,N/A
Residential,Cobble 3cm,Aspen,QUARTZ,N/A,N/A
Residential,Cobblestone 3cm,Aspen,QUARTZ,N/A,N/A
Residential,Coffee Brown 3cm Polished,Home Depot Granite,QUARTZ,N/A,N/A
Residential,Colonial Cream 3cm Polished,Granite,GRANITE,N/A,N/A
Residential,Concrete 2cm Polished A 2003,Ceasarstone,QUARTZ,N/A,N/A
Residential,Concrete Carrara 3cm Polished,Zodiaq,QUARTZ,N/A,N/A
Residential,Copenhagen 3cm Polished,Granite,GRANITE,N/A,N/A
Residential,Copper Canyon 3cm Polished,Granite,GRANITE,N/A,N/A
Residential,Copper Mist,SileStone,QUARTZ,N/A,N/A
Residential,Copper Sunset-Discontinued 2cm Polished,Zodiaq,QUARTZ,N/A,N/A
Residential,Coral Clay,SileStone,QUARTZ,N/A,N/A
Residential,Corian Quartz Valente Pearl 3cm Polish,Zodiaq,QUARTZ,N/A,N/A
Residential,Coriander-Discontinued 3cm Polished,Zodiaq,QUARTZ,N/A,N/A
Residential,Cortina 3cm,LG,QUARTZ,N/A,N/A
Residential,Cosmopolitan White 3cm Polished A 5130,Ceasarstone,QUARTZ,N/A,N/A
Residential,Coswell Cream 3cm Polished,Cambria,QUARTZ,N/A,N/A
Residential,Crema Atlantico 3cm Polished,Home Depot Granite,QUARTZ,N/A,N/A
Residential,Crema Bordeaux 3cm Polished,Granite,GRANITE,N/A,N/A
Residential,Crema Delicatus 3cm Polished,Granite,GRANITE,N/A,N/A
Residential,Crema Marfil 2cm Polished,Marble,MARBLE,N/A,N/A
Residential,Cristal 3cm Polished,Granite,GRANITE,N/A,N/A
Residential,Crystal White 3cm Polished,Marble,MARBLE,N/A,N/A
Residential,Cuddington 3cm Polished,Cambria,QUARTZ,N/A,N/A
Residential,Cygnus 15,SileStone,QUARTZ,N/A,N/A
Residential,Cygnus Pearl-Discontinued 2cm Polished,Zodiaq,QUARTZ,N/A,N/A
Residential,Cypress 3cm,LG,QUARTZ,N/A,N/A
Residential,Dakota Mahogany 3cm Polished,Granite,GRANITE,N/A,N/A
Residential,Q1001 Serene,SileStone,QUARTZ,N/A,N/A
Residential,Dallas White 3cm Polished,Granite,GRANITE,N/A,N/A
Residential,Danae Matte 2cm,Dekton,QUARTZ,N/A,N/A
Residential,Danae Ultra Matte 2cm,Dekton,QUARTZ,N/A,N/A
Residential,Daron 3cm Polished,Cambria,QUARTZ,N/A,N/A
Residential,Dekton Bergen,Dekton,QUARTZ,N/A,N/A
Residential,Delicatus 3cm Polished,Granite,GRANITE,N/A,N/A
Residential,Delicatus Cream 3cm Polished,Granite,GRANITE,N/A,N/A
Residential,Delicatus Extra 3cm Polished,Granite,GRANITE,N/A,N/A
Residential,Wilsonart Q4023 Santiago,SileStone,QUARTZ,N/A,N/A
Residential,Delicatus Ice 3cm Polished,Granite,GRANITE,N/A,N/A
Residential,Delicatus Snow 3cm Polished,Granite,GRANITE,N/A,N/A
Residential,Delicatus Verde 3cm Polished,Granite,GRANITE,N/A,N/A
Residential,Denali 3cm,LG,QUARTZ,N/A,N/A
Residential,Desert Silver,SileStone,QUARTZ,N/A,N/A
Residential,Devon 2cm Polished,Cambria,QUARTZ,N/A,N/A
Residential,Domoos Polished 2cm,Dekton,QUARTZ,N/A,N/A
Residential,Dove Grey 2cm Polished,Zodiaq,QUARTZ,N/A,N/A
Residential,Dove Grey 3cm Polished,Zodiaq,QUARTZ,N/A,N/A
Residential,Dover 2cm Polished,Cambria,QUARTZ,N/A,N/A
Residential,Dover Creek 3cm,Aspen,QUARTZ,N/A,N/A
Residential,Dunmore 3cm Polished,Cambria,QUARTZ,N/A,N/A
Residential,Edinburough 3cm Polished,Cambria,QUARTZ,N/A,N/A
Residential,Edora Matte 2cm,Dekton,QUARTZ,N/A,N/A
Residential,Eggshell 2cm Polished A 3141,Ceasarstone,QUARTZ,N/A,N/A
Residential,Eggshell 3cm Polished A 3141,Ceasarstone,QUARTZ,N/A,N/A
Residential,Elegant Dune HP 2cm Polished,Granite,GRANITE,N/A,N/A
Residential,Ella 3cm Polished,Cambria,QUARTZ,N/A,N/A
Residential,Emerald Pearl 3cm Polished,Granite,GRANITE,N/A,N/A
Residential,Emperador Dark 3cm Polished,Marble,MARBLE,N/A,N/A
Residential,Entzo Calacatta Matte 2cm,Dekton,QUARTZ,N/A,N/A
Residential,Entzo Texture 2cm,Dekton,QUARTZ,N/A,N/A
Residential,Fantasy Grey,MSI QUARTZ,QUARTZ,N/A,N/A
Residential,Eternal Calacatta Classic,SileStone,QUARTZ,N/A,N/A
Residential,Eternal Emperador,SileStone,QUARTZ,N/A,N/A
Residential,Eternal Marfil,SileStone,QUARTZ,N/A,N/A
Residential,Eternal Marquina,SileStone,QUARTZ,N/A,N/A
Residential,Eternal Noir Suede,Granite,GRANITE,N/A,N/A
Residential,Eternal Serena,SileStone,QUARTZ,N/A,N/A
Residential,Eternal Statuario,SileStone,QUARTZ,N/A,N/A
Residential,Everest 3cm,Aspen,QUARTZ,N/A,N/A
Residential,Everest White 3cm Polished,Granite,GRANITE,N/A,N/A
Residential,Everest. 2cm,LG,QUARTZ,N/A,N/A
Residential,Everest. 3cm,LG,QUARTZ,N/A,N/A
Residential,Exclusive White 3cm Polished,Granite,GRANITE,N/A,N/A
Residential,Extreme White 3cm Polished,Granite,GRANITE,N/A,N/A
Residential,Fairbourne 3cm Polished,Cambria,QUARTZ,N/A,N/A
Residential,Fantasy Brown 3cm Leather,Marble,MARBLE,N/A,N/A
Residential,Fantasy Macaubas 3cm Polished,Home Depot Granite,QUARTZ,N/A,N/A
Residential,Ferndale 3cm Polished,Cambria,QUARTZ,N/A,N/A
Residential,Ferro Gold 3cm Polished,Granite,GRANITE,N/A,N/A
Residential,Fieldstone 3cm Polished,Cambria,QUARTZ,N/A,N/A
Residential,Fifty Shades Of Grey 3cm Polished,Marble,MARBLE,N/A,N/A
Residential,Fiord Honed 2cm,Dekton,QUARTZ,N/A,N/A
Residential,Fiord Polished 2cm,Dekton,QUARTZ,N/A,N/A
Residential,Fiord Ultra Shine 2cm,Dekton,QUARTZ,N/A,N/A
Residential,Forest Snow,SileStone,QUARTZ,N/A,N/A
Residential,Fossil Brown 3cm,MSI QUARTZ,QUARTZ,N/A,N/A
Residential,Fossil Gray - Matte 3cm,MSI QUARTZ,QUARTZ,N/A,N/A
Residential,Fossil Taupe 3cm,MSI QUARTZ,QUARTZ,N/A,N/A
Residential,Frosty Carrina 2cm Polished A 5141,Ceasarstone,QUARTZ,N/A,N/A
Residential,Frosty Carrina 3cm Polished A 5141,Ceasarstone,QUARTZ,N/A,N/A
Residential,fusion,Granite,GRANITE,N/A,N/A
Residential,Galloway 3cm Polished,Cambria,QUARTZ,N/A,N/A
Residential,Ghibli 3cm Polished,Granite,GRANITE,N/A,N/A
Residential,Giallo Napoleon 3cm Polished,Granite,GRANITE,N/A,N/A
Residential,Giallo Ornamental light 3cm Polished,Granite,GRANITE,N/A,N/A
Residential,Giallo Ornamental Light Extra 3cm Polished,Granite,GRANITE,N/A,N/A
Residential,Giallo Venatino 3cm Polished,Granite,GRANITE,N/A,N/A
Residential,Giallo Veneziano 3cm Polished,Granite,GRANITE,N/A,N/A
Residential,Giallo Verona 3cm Polished,Granite,GRANITE,N/A,N/A
Residential,Giallo Vicenza 3cm Polished,Granite,GRANITE,N/A,N/A
Residential,Giallo Vitoria = MSI St. Cecilia Light 3cm Polished,Home Depot Granite,QUARTZ,N/A,N/A
Residential,"Gioia Venatino 3/4"" Polished",Marble,MARBLE,N/A,N/A
Residential,Glacier Ultra Shine 2cm,Dekton,QUARTZ,N/A,N/A
Residential,Glacier White 3cm Leather,Granite,GRANITE,N/A,N/A
Residential,Gold&Jade 2cm Polished,Marble,MARBLE,N/A,N/A
Residential,Golden Fiore 3cm Polished,Granite,GRANITE,N/A,N/A
Residential,Golden Persa 3cm Polished,Granite,GRANITE,N/A,N/A
Residential,Gran Valle - DNU 3cm Polished,Home Depot Granite,QUARTZ,N/A,N/A
Residential,Granite - Almond Gold 3cm Polished,Granite,GRANITE,N/A,N/A
Residential,Granite - Black Galaxy 3cm Polished,Granite,GRANITE,N/A,N/A
Residential,Granite - Caravelas Gold 3cm Polished,Granite,GRANITE,N/A,N/A
Residential,Granite - Crema Marfil 3cm Polished,Granite,GRANITE,N/A,N/A
Residential,Granite - Giallo Fantasia 3cm Polished,Granite,GRANITE,N/A,N/A
Residential,Granite - Hidden Treasure 3cm Polished,Granite,GRANITE,N/A,N/A
Residential,Granite - Impala Black 3cm Polished,Granite,GRANITE,N/A,N/A
Residential,Granite - Ivory Fantasy 3cm Polished,Granite,GRANITE,N/A,N/A
Residential,Granite - Juparana Persia 3cm Polished,Granite,GRANITE,N/A,N/A
Residential,Granite - Moon White 3cm Polished,Granite,GRANITE,N/A,N/A
Residential,Granite - New Venetian Gold 3cm Polished,Granite,GRANITE,N/A,N/A
Residential,Granite - River White 3cm Polished,Granite,GRANITE,N/A,N/A
Residential,Granite - Silver Cloud 3cm Polished,Granite,GRANITE,N/A,N/A
Residential,Granite - Typhoon Bordeaux 3cm Polished,Granite,GRANITE,N/A,N/A
Residential,Granite - White Ice 3cm Polished,Granite,GRANITE,N/A,N/A
Residential,Granite - White Mist 3cm Polished,Granite,GRANITE,N/A,N/A
Residential,Granite - White Ornamental 3cm Polished,Granite,GRANITE,N/A,N/A
Residential,Graphite 3cm Polished,Zodiaq,QUARTZ,N/A,N/A
Residential,Gravel-Discontinued 3cm Polished,Zodiaq,QUARTZ,N/A,N/A
Residential,Gray Mist (Gray Wave) 3cm Polished,Home Depot Granite,QUARTZ,N/A,N/A
Residential,Grey Silk 3cm Polished,Granite,GRANITE,N/A,N/A
Residential,Grey Sparkle 3cm,Aspen,QUARTZ,N/A,N/A
Residential,Grigio,Aspen,QUARTZ,N/A,N/A
Residential,Grigio 3cm,Aspen,QUARTZ,N/A,N/A
Residential,Guatemala Green 3cm Polished,Marble,MARBLE,N/A,N/A
Residential,Halo Polished 2cm,Dekton,QUARTZ,N/A,N/A
Residential,Haven Gris 3cm,Aspen,QUARTZ,N/A,N/A
Residential,Haze 2cm Polished A 2030,Ceasarstone,QUARTZ,N/A,N/A
Residential,Haze 3cm Polished A 2030,Ceasarstone,QUARTZ,N/A,N/A
Residential,Hazelwood 3cm,MSI QUARTZ,QUARTZ,N/A,N/A
Residential,HD Talus 3cm Polished,LG,QUARTZ,N/A,N/A
Residential,Heirloom grey 3cm,Aspen,QUARTZ,N/A,N/A
Residential,Home Depot Granite - African Rainbow 3cm Polished,Home Depot Granite,QUARTZ,N/A,N/A
Residential,Home Depot Granite - Almond Gold 3cm Polished,Home Depot Granite,QUARTZ,N/A,N/A
Residential,Home Depot Granite - Bianco Antico 3cm Polished,Home Depot Granite,QUARTZ,N/A,N/A
Residential,Home Depot Granite - Black Galaxy 3cm Polished,Home Depot Granite,QUARTZ,N/A,N/A
Residential,Home Depot Granite - Caravelas Gold 3cm Polished,Home Depot Granite,QUARTZ,N/A,N/A
Residential,Home Depot Granite - Colonial White 3cm Polished,Home Depot Granite,QUARTZ,N/A,N/A
Residential,Home Depot Granite - Crema Caramel 3cm Polished,Home Depot Granite,QUARTZ,N/A,N/A
Residential,Home Depot Granite - Giallo Fantasia 3cm Polished,Home Depot Granite,QUARTZ,N/A,N/A
Residential,Home Depot Granite - Hidden Treasure 3cm Polished,Home Depot Granite,QUARTZ,N/A,N/A
Residential,Home Depot Granite - Impala Black 3cm Polished,Home Depot Granite,QUARTZ,N/A,N/A
Residential,Home Depot Granite - Ivory Fantasy 3cm Polished,Home Depot Granite,QUARTZ,N/A,N/A
Residential,Home Depot Granite - Juparana Persia 3cm Polished,Home Depot Granite,QUARTZ,N/A,N/A
Residential,Home Depot Granite - New Caledonia 3cm Polished,Home Depot Granite,QUARTZ,N/A,N/A
Residential,Home Depot Granite - New Venetian Gold 3cm Polished,Home Depot Granite,GRANITE,N/A,N/A
Residential,Sunset Canyon,Granite,GRANITE,N/A,N/A
Residential,Volga Blue 3cm Polished,Granite,GRANITE,N/A,N/A
Residential,Home Depot Granite - River White 3cm Polished,Home Depot Granite,QUARTZ,N/A,N/A
Residential,Home Depot Granite - Silver Cloud 3cm Polished,Home Depot Granite,QUARTZ,N/A,N/A
Residential,Home Depot Granite - Steel Grey 3cm Polished,Home Depot Granite,QUARTZ,N/A,N/A
Residential,Home Depot Granite - Toffee 3cm Polished,Home Depot Granite,QUARTZ,N/A,N/A
Residential,Home Depot Granite - Typhoon Bordeaux 3cm Polished,Home Depot Granite,QUARTZ,N/A,N/A
Residential,Home Depot Granite - White Ice 3cm Polished,Home Depot Granite,QUARTZ,N/A,N/A
Residential,Home Depot Granite - White Mist 3cm Polished,Home Depot Granite,QUARTZ,N/A,N/A
Residential,Home Depot Granite - White Ornamental 3cm Polished,Home Depot Granite,QUARTZ,N/A,N/A
Residential,Wilsonart Q4033 Marble Falls,Marble,GRANITE,N/A,N/A
Residential,Macaubas Branca 3cm,Aspen,QUARTZ,N/A,N/A
Residential,Home Depot Granite - White Spring 3cm Polished,Home Depot Granite,QUARTZ,N/A,N/A
Residential,Ice Flake 3cm Polished,Granite,GRANITE,N/A,N/A
Residential,Ice Pearl 3cm Polished,Granite,GRANITE,N/A,N/A
Residential,Ice Snow 2cm,Aspen,QUARTZ,N/A,N/A
Residential,Iconic Black,SileStone,QUARTZ,N/A,N/A
Residential,Iconic White,SileStone,QUARTZ,N/A,N/A
Residential,Imperial Gold 3cm Polished,Granite,GRANITE,N/A,N/A
Residential,Indian Dakota 3cm Polished,Granite,GRANITE,N/A,N/A
Residential,Intermezzo 3cm,LG,QUARTZ,N/A,N/A
Residential,Irok Matte 2cm,Dekton,QUARTZ,N/A,N/A
Residential,Iron Bark,SileStone,QUARTZ,N/A,N/A
Residential,Iron Ore,SileStone,QUARTZ,N/A,N/A
Residential,Istanbul White 3cm,Aspen,QUARTZ,N/A,N/A
Residential,Ivory Brown 3cm Polished,Granite,GRANITE,N/A,N/A
Residential,Ivory Cascade 3cm Polished,Granite,GRANITE,N/A,N/A
Residential,Jasmine White 3cm Polished,Home Depot Granite,QUARTZ,N/A,N/A
Residential,Jet Black 2cm Polished A 3100,Ceasarstone,QUARTZ,N/A,N/A
Residential,Juniper Trail. 3cm,LG,QUARTZ,N/A,N/A
Residential,Juparana Columbo 3cm Polished,Granite,GRANITE,N/A,N/A
Residential,Juparana Florencia 3cm Polished,Granite,GRANITE,N/A,N/A
Residential,Kadum Matte 2cm,Dekton,QUARTZ,N/A,N/A
Residential,Karis,LG,QUARTZ,N/A,N/A
Residential,Kelvingrove 2cm Polished,Cambria,QUARTZ,N/A,N/A
Residential,Kelya Matte 2cm,Dekton,QUARTZ,N/A,N/A
Residential,Kelya Polished 2cm,Dekton,QUARTZ,N/A,N/A
Residential,Kensho,SileStone,QUARTZ,N/A,N/A
Residential,Kilauea 3cm,LG,QUARTZ,N/A,N/A
Residential,Kimbler Mist,SileStone,QUARTZ,N/A,N/A
Residential,Kira Matte 2cm,Dekton,QUARTZ,N/A,N/A
Residential,Kirkstead 3cm Polished,Cambria,QUARTZ,N/A,N/A
Residential,Labradorite Blu Australe 3cm Polished,Granite,GRANITE,N/A,N/A
Residential,Lagos Blue 3cm Polished A 4350,Ceasarstone,QUARTZ,N/A,N/A
Residential,Landscape - A 3cm,Aspen,QUARTZ,N/A,N/A
Residential,Landscape 3cm,Aspen,QUARTZ,N/A,N/A
Residential,Laneshaw 2cm Polished,Cambria,QUARTZ,N/A,N/A
Residential,Quartzite White Macaubas 3cm Polished,Pental Quartz,QUARTZ,N/A,N/A
Residential,Late Autumn 3cm Polished A 6380,Ceasarstone,QUARTZ,N/A,N/A
Residential,Latte 3cm,Aspen,QUARTZ,N/A,N/A
Residential,Lava Roca 3cm,Aspen,QUARTZ,N/A,N/A
Residential,Lena,SileStone,QUARTZ,N/A,N/A
Residential,Lento 3cm,LG,QUARTZ,N/A,N/A
Residential,LG - Cirrus 3cm,LG,QUARTZ,N/A,N/A
Residential,LG - Soprano 3cm,LG,QUARTZ,N/A,N/A
Residential,Light Grey Micro mirror 3cm,Aspen,QUARTZ,N/A,N/A
Residential,London Grey 3cm Polished A 5000,Ceasarstone,QUARTZ,N/A,N/A
Residential,London Sky (= Quartz London Sky) 2cm Polished,Zodiaq,QUARTZ,N/A,N/A
Residential,Luminous 3cm Polished,Granite,GRANITE,N/A,N/A
Residential,Luna,SileStone,QUARTZ,N/A,N/A
Residential,Lyra 3cm,Aspen,QUARTZ,N/A,N/A
Residential,Madura Gold 3cm Polished,Granite,GRANITE,N/A,N/A
Residential,Mara Blanca Polished 3cm,MSI QUARTZ,QUARTZ,N/A,N/A
Residential,Marble - Crema Marfil 3cm Polished,Marble,MARBLE,N/A,N/A
Residential,Marrara,MSI QUARTZ,QUARTZ,N/A,N/A
Residential,Marron Cohiba 3cm Polished,Granite,GRANITE,N/A,N/A
Residential,Menai 3cm Polished,Cambria,QUARTZ,N/A,N/A
Residential,Mersey 3cm Polished,Cambria,QUARTZ,N/A,N/A
Residential,Miami White**,SileStone,QUARTZ,N/A,N/A
Residential,Minera 3cm Polished,Cambria,QUARTZ,N/A,N/A
Residential,Mocato Brown / Builder Program - USE REMNMANT THEN MAKE INACTIVE 3cm,MSI QUARTZ,QUARTZ,N/A,N/A
Residential,Mocha 3cm,Aspen,QUARTZ,N/A,N/A
Residential,Mocha 3cm Polished A 2370,Ceasarstone,QUARTZ,N/A,N/A
Residential,Mocha Latte-Discontinued 3cm Polished,Zodiaq,QUARTZ,N/A,N/A
Residential,Modern White 2cm Polished,Marble,MARBLE,N/A,N/A
Residential,Mombasa 3cm Polished,Granite,GRANITE,N/A,N/A
Residential,Montclair White 3cm,MSI QUARTZ,QUARTZ,N/A,N/A
Residential,Montgomery 3cm Polished,Cambria,QUARTZ,N/A,N/A
Residential,Moon Valley 3cm Polished,Home Depot Granite,QUARTZ,N/A,N/A
Residential,Mooreland Fog 3cm Polished A 6046,Ceasarstone,QUARTZ,N/A,N/A
Residential,Mountain Mist  12,SileStone,QUARTZ,N/A,N/A
Residential,MSI QUARTZ - Calacatta Laza 3cm,MSI QUARTZ,QUARTZ,N/A,N/A
Residential,MSI QUARTZ - Calacatta Vicenza 3cm,MSI QUARTZ,QUARTZ,N/A,N/A
Residential,MSI QUARTZ - Carrara Marmi 3cm,MSI QUARTZ,QUARTZ,N/A,N/A
Residential,MSI QUARTZ - Desert Bloom 3cm,MSI QUARTZ,QUARTZ,N/A,N/A
Residential,MSI QUARTZ - Fairy White 3cm,MSI QUARTZ,QUARTZ,N/A,N/A
Residential,MSI QUARTZ - Frost White 3cm,MSI QUARTZ,QUARTZ,N/A,N/A
Residential,MSI QUARTZ - Gray Lagoon 3cm,MSI QUARTZ,QUARTZ,N/A,N/A
Residential,MSI QUARTZ - Iced Gray 3cm,MSI QUARTZ,QUARTZ,N/A,N/A
Residential,MSI QUARTZ - Iced White 2cm,MSI QUARTZ,QUARTZ,N/A,N/A
Residential,MSI QUARTZ - Iced White 3cm,MSI QUARTZ,QUARTZ,N/A,N/A
Residential,MSI QUARTZ - Peppercorn White 3cm,MSI QUARTZ,QUARTZ,N/A,N/A
Residential,MSI QUARTZ - Sparkling Black 3cm,MSI QUARTZ,QUARTZ,N/A,N/A
Residential,MSI QUARTZ - Sparkling White 3cm,MSI QUARTZ,QUARTZ,N/A,N/A
Residential,MSL- Midnight 3cm,LG,QUARTZ,N/A,N/A
Residential,MSL-Sierra is Viatera Talus 3cm,LG,QUARTZ,N/A,N/A
Residential,Mystery White,Marble,MARBLE,N/A,N/A
Residential,Mystic Black 3cm Polished,Zodiaq,QUARTZ,N/A,N/A
Residential,Mystic Spring (Cold Spring) 3cm Polished,Home Depot Granite,QUARTZ,N/A,N/A
Residential,Natural Limestone 2cm,LG,QUARTZ,N/A,N/A
Residential,Natural Limestone 3cm,LG,QUARTZ,N/A,N/A
Residential,Nebula 3cm Polished,Zodiaq,QUARTZ,N/A,N/A
Residential,Negresco 3cm Brushed,Granite,GRANITE,N/A,N/A
Residential,Negresco 3cm Honed,Granite,GRANITE,N/A,N/A
Residential,Nero Mist 3cm Honed,Home Depot Granite,QUARTZ,N/A,N/A
Residential,Netuno Bourdeuax 3cm Polished,Granite,GRANITE,N/A,N/A
Residential,New River White (Yukon White) 3cm Polished,Home Depot Granite,QUARTZ,N/A,N/A
Residential,Newport 3cm Polished,Cambria,QUARTZ,N/A,N/A
Residential,Nimbus 3cm,LG,QUARTZ,N/A,N/A
Residential,Noir Suede,SileStone,QUARTZ,N/A,N/A
Residential,Noka,SileStone,QUARTZ,N/A,N/A
Residential,Nougat 2cm Polished A 6600,Ceasarstone,QUARTZ,N/A,N/A
Residential,NQ97 White Sand 2cm,MSI QUARTZ,QUARTZ,N/A,N/A
Residential,Nuage 3cm Polished,Granite,GRANITE,N/A,N/A
Residential,Nutmeg-Discontinued 3cm Polished,Zodiaq,QUARTZ,N/A,N/A
Residential,Oakhampton 3cm Polished,Cambria,QUARTZ,N/A,N/A
Residential,Ocean Jasper,SileStone,QUARTZ,N/A,N/A
Residential,Odin Walnut Matte 2cm,Dekton,QUARTZ,N/A,N/A
Residential,Organic White 2cm Polished A 4600,Ceasarstone,QUARTZ,N/A,N/A
Residential,Orix Matte 2cm,Dekton,QUARTZ,N/A,N/A
Residential,Ornamental Light 3cm Polished,Granite,GRANITE,N/A,N/A
Residential,Ornamental SY 3cm Polished,Granite,GRANITE,N/A,N/A
Residential,Oyster 3cm,LG,QUARTZ,N/A,N/A
Residential,Oyster White 3cm Polished,Home Depot Granite,QUARTZ,N/A,N/A
Residential,Pacific,SileStone,QUARTZ,N/A,N/A
Residential,Papyrus 2cm Polished,Zodiaq,QUARTZ,N/A,N/A
Residential,"Paradise 3/4"" Polished",Marble,MARBLE,N/A,N/A
Residential,Parys 3cm Polished,Cambria,QUARTZ,N/A,N/A
Residential,Pearl Gray 3cm,MSI QUARTZ,QUARTZ,N/A,N/A
Residential,Pebble 3cm Polished A 4030,Ceasarstone,QUARTZ,N/A,N/A
Residential,Pebble Beach 3cm,Aspen,QUARTZ,N/A,N/A
Residential,Pebble Honed 3cm Honed A 4030,Ceasarstone,QUARTZ,N/A,N/A
Residential,Pebble Rock 3cm,MSI QUARTZ,QUARTZ,N/A,N/A
Residential,Pelican White 3cm,MSI QUARTZ,QUARTZ,N/A,N/A
Residential,Pental 3cm Polish ,Granite,GRANITE,N/A,N/A
Residential,Persa Blue 3cm Polished,Granite,GRANITE,N/A,N/A
Residential,Persa Blue Leather 3cm Polished,Granite,GRANITE,N/A,N/A
Residential,Persa Caravellas 3cm Polished,Granite,GRANITE,N/A,N/A
Residential,Persa Pearl 3cm Polished,Granite,GRANITE,N/A,N/A
Residential,Petrous Cream 3cm Polished,Home Depot Granite,QUARTZ,N/A,N/A
Residential,Piatra Grey 2cm Polished A 5003,Ceasarstone,QUARTZ,N/A,N/A
Residential,Pietra Imperial 3cm Polished,Granite,GRANITE,N/A,N/A
Residential,Poppy Seed-Discontinued 3cm Polished,Zodiaq,QUARTZ,N/A,N/A
Residential,Porcelain White 3cm,LG,QUARTZ,N/A,N/A
Residential,Portofino 3cm Polished,Home Depot Granite,QUARTZ,N/A,N/A
Residential,Portoro 2cm Polished,Zodiaq,QUARTZ,N/A,N/A
Residential,Portoro 3cm Polished,Zodiaq,QUARTZ,N/A,N/A
Residential,Premium Black 3cm Dual,Granite,GRANITE,N/A,N/A
Residential,Premium Black 3cm H,Granite,GRANITE,N/A,N/A
Residential,Premium Black 3cm L,Granite,GRANITE,N/A,N/A
Residential,Premium Black 3cm Polished,Granite,GRANITE,N/A,N/A
Residential,Pulsar,SileStone,QUARTZ,N/A,N/A
Residential,Pure White 2cm Polished A 1141,Ceasarstone,QUARTZ,N/A,N/A
Residential,Pure White 3cm Polished A 1141,Ceasarstone,QUARTZ,N/A,N/A
Residential,Q4006 Xcaret 3cm,Pental Quartz,QUARTZ,N/A,N/A
Residential,Quartet 3cm,LG,QUARTZ,N/A,N/A
Residential,Quarttzite Macaubas Fantasy,Granite,GRANITE,N/A,N/A
Residential,Quartz Pristine QM2004L,Pental Quartz,QUARTZ,N/A,N/A
Residential,Quartzite Blanco Exotico 3cm Polished.,Granite,GRANITE,N/A,N/A
Residential,Quartzite Calacatta Milano Polish 3cm,Granite,GRANITE,N/A,N/A
Residential,Quartzite Crystal White 3cm Polished,Granite,GRANITE,N/A,N/A
Residential,Quartzite Infinity White 3cm Polished,Granite,GRANITE,N/A,N/A
Residential,Quartzite Infinity White Polished 3cm,Granite,GRANITE,N/A,N/A
Residential,Quartzite Intermezzo,Granite,GRANITE,N/A,N/A
Residential,Quartzite Mystery White Polished 3cm,Granite,GRANITE,N/A,N/A
Residential,Quartzite Wakanda 3cm polished,Pental Quartz,QUARTZ,N/A,N/A
Residential,Quasar,SileStone,QUARTZ,N/A,N/A
Residential,Rainbow Tobacco 3cm Polished,Granite,GRANITE,N/A,N/A
Residential,Ramsey 3cm Polished,Cambria,QUARTZ,N/A,N/A
Residential,Red Dragon 3cm Polished,Granite,GRANITE,N/A,N/A
Residential,Red Montana 3cm Polished,Granite,GRANITE,N/A,N/A
Residential,Rhino White Honed 3cm,Marble,MARBLE,N/A,N/A
Residential,River Bordeaux 3cm Polished,Granite,GRANITE,N/A,N/A
Residential,Riverbed,SileStone,QUARTZ,N/A,N/A
Residential,Rococo 2cm,LG,QUARTZ,N/A,N/A
Residential,Rococo 3cm,LG,QUARTZ,N/A,N/A
Residential,Rolling Fog,MSI QUARTZ,QUARTZ,N/A,N/A
Residential,Rosa Beta,Granite,GRANITE,N/A,N/A
Residential,Rosa Porrino 3cm Polished,Granite,GRANITE,N/A,N/A
Residential,Rosewood 3cm Polished,Granite,GRANITE,N/A,N/A
Residential,Royal Jade 3cm Polished,Granite,GRANITE,N/A,N/A
Residential,Royal Reef,SileStone,QUARTZ,N/A,N/A
Residential,Rugged Concrete 3cm Polished A 4003,Ceasarstone,QUARTZ,N/A,N/A
Residential,Saddle Brown 2cm Polished,Zodiaq,QUARTZ,N/A,N/A
Residential,Saddle Brown 3cm Polished,Zodiaq,QUARTZ,N/A,N/A
Residential,Sage-Discontinued 3cm Polished,Zodiaq,QUARTZ,N/A,N/A
Residential,Sahara Beige 3cm,MSI QUARTZ,QUARTZ,N/A,N/A
Residential,Sahara Blanco 3cm,Aspen,QUARTZ,N/A,N/A
Residential,Sahara Noir,SileStone,QUARTZ,N/A,N/A
Residential,San Francisco Real 3cm Polished,Granite,GRANITE,N/A,N/A
Residential,Sand Drift Ultra Matte 2cm,Dekton,QUARTZ,N/A,N/A
Residential,Sandy Beach 3cm Polished,Granite,GRANITE,N/A,N/A
Residential,Sanford 3cm Polished,Cambria,QUARTZ,N/A,N/A
Residential,Santa Cecelia 3cm Polished,Home Depot Granite,QUARTZ,N/A,N/A
Residential,Santa Cecilia 3cm Polished,Granite,GRANITE,N/A,N/A
Residential,Santa Cecilia Classic 3cm Polished,Granite,GRANITE,N/A,N/A
Residential,Santa Cecilia Light 3cm Polished,Granite,GRANITE,N/A,N/A
Residential,Sapphire Brown 3cm Polished,Granite,GRANITE,N/A,N/A
Residential,Savanna Gold (Ferro Gold) 3cm Polished,Home Depot Granite,QUARTZ,N/A,N/A
Residential,Savannah gold 3cm Polished,Home Depot Granite,QUARTZ,N/A,N/A
Residential,Seagrove 3cm Polished,Cambria,QUARTZ,N/A,N/A
Residential,Sensa New Ice Blue,Granite,GRANITE,N/A,N/A
Residential,SF REAL 11226FE 3cm,Granite,GRANITE,N/A,N/A
Residential,Shadow 3cm,LG,QUARTZ,N/A,N/A
Residential,Shadow Gray 3cm,MSI QUARTZ,QUARTZ,N/A,N/A
Residential,Shadow Storm 3cm Polished,Granite,GRANITE,N/A,N/A
Residential,Shitake 2cm Polished A 4230,Ceasarstone,QUARTZ,N/A,N/A
Residential,Sienna Bordeaux 3cm Polished,Granite,GRANITE,N/A,N/A
Residential,Sienna Ridge 12,SileStone,QUARTZ,N/A,N/A
Residential,Silken Pearl,SileStone,QUARTZ,N/A,N/A
Residential,Silver Cloud 3cm Brushed & Polished,Home Depot Granite,QUARTZ,N/A,N/A
Residential,Silver Lake 2cm,LG,QUARTZ,N/A,N/A
Residential,Silver Lake 3cm,LG,QUARTZ,N/A,N/A
Residential,Silver Mist 3cm Polished,Home Depot Granite,QUARTZ,N/A,N/A
Residential,Silver Paradiso 3cm Polished,Granite,GRANITE,N/A,N/A
Residential,Silver Pearl 3cm Polished,Granite,GRANITE,N/A,N/A
Residential,Silver Sparkle 3cm Polished,Granite,GRANITE,N/A,N/A
Residential,"Silver Stone 3/4"" Polished",Marble,MARBLE,N/A,N/A
Residential,Silvestre Gray 3cm Polished,Granite,GRANITE,N/A,N/A
Residential,Sirocco Polished 2cm,Dekton,QUARTZ,N/A,N/A
Residential,Skara Brae 3cm Polished,Cambria,QUARTZ,N/A,N/A
Residential,Slate 3cm,LG,QUARTZ,N/A,N/A
Residential,Sleek Concrete 2cm Concrete Fi 4003,Ceasarstone,QUARTZ,N/A,N/A
Residential,Sleek Concrete 2cm Concrete Finish A 4003,Ceasarstone,QUARTZ,N/A,N/A
Residential,Sleek Concrete 3cm Polished A 4003,Ceasarstone,QUARTZ,N/A,N/A
Residential,Smokey Topaz-Discontinued 3cm Polished,Zodiaq,QUARTZ,N/A,N/A
Residential,Snow Meadow 3cm,Aspen,QUARTZ,N/A,N/A
Residential,Snow Storm 3cm,LG,QUARTZ,N/A,N/A
Residential,Snow White 2cm Polished,Zodiaq,QUARTZ,N/A,N/A
Residential,Snow White 3cm,MSI QUARTZ,QUARTZ,N/A,N/A
Residential,Snowdon White 3cm Polished,Cambria,QUARTZ,N/A,N/A
Residential,Snowdrift 2cm Polished,Zodiaq,QUARTZ,N/A,N/A
Residential,Snowfall 3cm Polished,Home Depot Granite,QUARTZ,N/A,N/A
Residential,Sogne Ultra Shine 2cm,Dekton,QUARTZ,N/A,N/A
Residential,Soke Matte 2cm,Dekton,QUARTZ,N/A,N/A
Residential,Sol / Cameo 3cm,LG,QUARTZ,N/A,N/A
Residential,Solar Canyon 3cm,LG,QUARTZ,N/A,N/A
Residential,Space Black-Discontinued 2cm Polished,Zodiaq,QUARTZ,N/A,N/A
Residential,Space Black-Discontinued 3cm Polished,Zodiaq,QUARTZ,N/A,N/A
Residential,Splendor Polished 2cm,Dekton,QUARTZ,N/A,N/A
Residential,Splendour White 3cm Polished,Granite,GRANITE,N/A,N/A
Residential,Spring 3cm,Aspen,QUARTZ,N/A,N/A
Residential,St Cecilia Classic - Sub Amber Yellow 2cm Polished,Granite,GRANITE,N/A,N/A
Residential,St Cecilia Classic - Sub Amber Yellow 3cm Polished,Granite,GRANITE,N/A,N/A
Residential,St Cecilia LC 3cm Polished,Granite,GRANITE,N/A,N/A
Residential,"Statuarietto Extra 3/4"" Polished",Marble,MARBLE,N/A,N/A
Residential,Statuarietto Extra 3cm Polished,Marble,MARBLE,N/A,N/A
Residential,Statuario 3cm,Aspen,QUARTZ,N/A,N/A
Residential,Statuario 3cm Polished,Granite,GRANITE,N/A,N/A
Residential,Statuario Bianco 3cm,Aspen,QUARTZ,N/A,N/A
Residential,Statuario Classic 3cm,Aspen,QUARTZ,N/A,N/A
Residential,Statuario Extra 3cm,Aspen,QUARTZ,N/A,N/A
Residential,Statuario Maximus 5031 3cm,Ceasarstone,QUARTZ,N/A,N/A
Residential,Statuario Nuvo 3cm Polished A 5111,Ceasarstone,QUARTZ,N/A,N/A
Residential,Statuaritto 3cm Polished,Marble,MARBLE,N/A,N/A
Residential,Statuary Classique 3cm,MSI QUARTZ,QUARTZ,N/A,N/A
Residential,Statuary Venato Thin Vein 2cm Polished,Marble,MARBLE,N/A,N/A
Residential,Stellar Gray 3cm,MSI QUARTZ,QUARTZ,N/A,N/A
Residential,Stellar Night,SileStone,QUARTZ,N/A,N/A
Residential,Stellar Snow 13,SileStone,QUARTZ,N/A,N/A
Residential,Storm Grey 2cm Polished,Zodiaq,QUARTZ,N/A,N/A
Residential,Storm Grey 3cm Polished,Zodiaq,QUARTZ,N/A,N/A
Residential,Strato Matte 2cm,Dekton,QUARTZ,N/A,N/A
Residential,Stratus White 2cm Polished,Zodiaq,QUARTZ,N/A,N/A
Residential,Stratus White 3cm Polished,Zodiaq,QUARTZ,N/A,N/A
Residential,Sucuri 3cm Polished,Granite,GRANITE,N/A,N/A
Residential,Summerhill 3cm Polished,Cambria,QUARTZ,N/A,N/A
Residential,Superlative 3cm Polished,Zodiaq,QUARTZ,N/A,N/A
Residential,Supreme 3cm Polished,Granite,GRANITE,N/A,N/A
Residential,Sutton 3cm Polished,Cambria,QUARTZ,N/A,N/A
Residential,Swan Gray 3cm Polished,Home Depot Granite,QUARTZ,N/A,N/A
