Builder ,Supplier,Color,Conct,Material,,Level ,Price
Beazer Homes MD,,Crema Caramel,BeazerHomesMDCremaCaramel,GRANITE,Granite,Level 1, $ 23.00 
Beazer Homes MD,,Luna Pearl,BeazerHomesMDLunaPearl,GRANITE,Granite,Level 1, $ 23.00 
Beazer Homes MD,,Azul Platino,BeazerHomesMDAzulPlatino,GRANITE,Granite,Level 2, $ 37.00 
Beazer Homes MD,,Abstolute Black,BeazerHomesMDAbstoluteBlack,GRANITE,Granite,Level 2, $ 37.00 
Beazer Homes MD,,Bianco Primata,BeazerHomesMDBiancoPrimata,GRANITE,Granite,Level 2, $ 37.00 
Beazer Homes MD,,New Venetian Gold,BeazerHomesMDNewVenetianGold,GRANITE,Granite,Level 2, $ 37.00 
Beazer Homes MD,,Viscon White,BeazerHomesMDVisconWhite,GRANITE,Granite,Level 2, $ 37.00 
Beazer Homes MD,,Bianco Antico,BeazerHomesMDBiancoAntico,GRANITE,Granite,Level 3, $ 53.00 
Beazer Homes MD,,Blue Pearl GT,BeazerHomesMDBluePearlGT,GRANITE,Granite,Level 3, $ 53.00 
Beazer Homes MD,,Royal Jade,BeazerHomesMDRoyalJade,GRANITE,Granite,Level 3, $ 53.00 
Beazer Homes MD,,Salinas White,BeazerHomesMDSalinasWhite,GRANITE,Granite,Level 3, $ 53.00 
Beazer Homes MD,,Volga Blue,BeazerHomesMDVolgaBlue,GRANITE,Granite,Level 3, $ 53.00 
Beazer Homes MD,,White Ice,BeazerHomesMDWhiteIce,GRANITE,Granite,Level 3, $ 53.00 
Beazer Homes MD,MSI,Carrara Marmi,BeazerHomesMDCarraraMarmi,QUARTZ,MSI Quartzes,Level 1, $ 37.00 
Beazer Homes MD,MSI,Carrara Mist,BeazerHomesMDCarraraMist,QUARTZ,MSI Quartzes,Level 1, $ 37.00 
Beazer Homes MD,MSI,Fossil Gray,BeazerHomesMDFossilGray,QUARTZ,MSI Quartzes,Level 1, $ 37.00 
Beazer Homes MD,MSI,Iced White,BeazerHomesMDIcedWhite,QUARTZ,MSI Quartzes,Level 1, $ 37.00 
Beazer Homes MD,MSI,Peppercorn,BeazerHomesMDPeppercorn,QUARTZ,MSI Quartzes,Level 1, $ 37.00 
Beazer Homes MD,MSI,Sparkling Black,BeazerHomesMDSparklingBlack,QUARTZ,MSI Quartzes,Level 1, $ 37.00 
Beazer Homes MD,MSI,Sparkling White,BeazerHomesMDSparklingWhite,QUARTZ,MSI Quartzes,Level 1, $ 37.00 
Beazer Homes MD,MSI,Stellar Gray,BeazerHomesMDStellarGray,QUARTZ,MSI Quartzes,Level 1, $ 37.00 
Beazer Homes MD,MSI,Blanco Arabescato,BeazerHomesMDBlancoArabescato,QUARTZ,MSI Quartzes,Level 2, $ 53.00 
Beazer Homes MD,MSI,Calacatta Alto,BeazerHomesMDCalacattaAlto,QUARTZ,MSI Quartzes,Level 2, $ 53.00 
Beazer Homes MD,MSI,Calacatta Classique,BeazerHomesMDCalacattaClassique,QUARTZ,MSI Quartzes,Level 2, $ 53.00 
Beazer Homes MD,MSI,Gray Lagoon,BeazerHomesMDGrayLagoon,QUARTZ,MSI Quartzes,Level 2, $ 53.00 
Beazer Homes MD,MSI,Soapstone Metropolis,BeazerHomesMDSoapstoneMetropolis,QUARTZ,MSI Quartzes,Level 2, $ 53.00 
Beazer Homes VA,,Luna Pearl,BeazerHomesVALunaPearl,GRANITE,Granite,Level 1, $ 23.00 
Beazer Homes VA,,Ubatuba,BeazerHomesVAUbatuba,GRANITE,Granite,Level 1, $ 23.00 
Beazer Homes VA,,Bianco Primata,BeazerHomesVABiancoPrimata,GRANITE,Granite,Level 2, $ 29.00 
Beazer Homes VA,,Ornamental White,BeazerHomesVAOrnamentalWhite,GRANITE,Granite,Level 2, $ 29.00 
Beazer Homes VA,,Steel Gray,BeazerHomesVASteelGray,GRANITE,Granite,Level 2, $ 29.00 
Beazer Homes VA,,Absolute Black,BeazerHomesVAAbsoluteBlack,GRANITE,Granite,Level 3, $ 39.00 
Beazer Homes VA,,Blue Pearl ,BeazerHomesVABluePearl,GRANITE,Granite,Level 3, $ 39.00 
Beazer Homes VA,,Colonial White,BeazerHomesVAColonialWhite,GRANITE,Granite,Level 3, $ 39.00 
Beazer Homes VA,,Moon White,BeazerHomesVAMoonWhite,GRANITE,Granite,Level 3, $ 39.00 
Beazer Homes VA,,Salinas White,BeazerHomesVASalinasWhite,GRANITE,Granite,Level 3, $ 39.00 
Beazer Homes VA,,Delicatus White Ice,BeazerHomesVADelicatusWhiteIce,GRANITE,Granite,Level 4, $ 55.00 
Beazer Homes VA,,Royal Jade,BeazerHomesVARoyalJade,GRANITE,Granite,Level 4, $ 55.00 
Beazer Homes VA,,Volga Blue,BeazerHomesVAVolgaBlue,GRANITE,Granite,Level 4, $ 55.00 
Beazer Homes VA,,White Waves,BeazerHomesVAWhiteWaves,GRANITE,Granite,Level 4, $ 55.00 
Beazer Homes VA,MSI,Iced White,BeazerHomesVAIcedWhite,QUARTZ,MSI Quartzes,Level 1, $ 29.00 
Beazer Homes VA,MSI,Arctic White,BeazerHomesVAArcticWhite,QUARTZ,MSI Quartzes,Level 2, $ 39.00 
Beazer Homes VA,MSI,Carrara Marmi,BeazerHomesVACarraraMarmi,QUARTZ,MSI Quartzes,Level 2, $ 39.00 
Beazer Homes VA,MSI,Carrara Mist,BeazerHomesVACarraraMist,QUARTZ,MSI Quartzes,Level 2, $ 39.00 
Beazer Homes VA,MSI,Carrara Morro,BeazerHomesVACarraraMorro,QUARTZ,MSI Quartzes,Level 2, $ 39.00 
Beazer Homes VA,MSI,Sparkling Black,BeazerHomesVASparklingBlack,QUARTZ,MSI Quartzes,Level 2, $ 39.00 
Beazer Homes VA,MSI,Sparkling White,BeazerHomesVASparklingWhite,QUARTZ,MSI Quartzes,Level 2, $ 39.00 
Beazer Homes VA,MSI,Blanca Arabescato,BeazerHomesVABlancaArabescato,QUARTZ,MSI Quartzes,Level 3, $ 55.00 
Beazer Homes VA,MSI,Calacatta Alto,BeazerHomesVACalacattaAlto,QUARTZ,MSI Quartzes,Level 3, $ 55.00 
Beazer Homes VA,MSI,Calacatta Classique,BeazerHomesVACalacattaClassique,QUARTZ,MSI Quartzes,Level 3, $ 55.00 
Beazer Homes VA,MSI,Calacatta Vicenza,BeazerHomesVACalacattaVicenza,QUARTZ,MSI Quartzes,Level 3, $ 55.00 
Beazer Homes VA,MSI,Carrara Grigio,BeazerHomesVACarraraGrigio,QUARTZ,MSI Quartzes,Level 3, $ 55.00 
Beazer Homes VA,MSI,Gray Lagoon,BeazerHomesVAGrayLagoon,QUARTZ,MSI Quartzes,Level 3, $ 55.00 
Beazer Homes VA,MSI,Soapstone Metropolis,BeazerHomesVASoapstoneMetropolis,QUARTZ,MSI Quartzes,Level 3, $ 55.00 
Caruso MD,,Crema Caramel,CarusoMDCremaCaramel,GRANITE,Granite,Level 1, $ 25.00 
Caruso MD,,Luna Pearl,CarusoMDLunaPearl,GRANITE,Granite,Level 1, $ 25.00 
Caruso MD,,Ubatuba,CarusoMDUbatuba,GRANITE,Granite,Level 1, $ 25.00 
Caruso MD,,Azul Platino,CarusoMDAzulPlatino,GRANITE,Granite,Level 2, $ 35.00 
Caruso MD,,Bianco Primata,CarusoMDBiancoPrimata,GRANITE,Granite,Level 2, $ 35.00 
Caruso MD,,Colonial White,CarusoMDColonialWhite,GRANITE,Granite,Level 2, $ 35.00 
Caruso MD,,New Venetian Gold,CarusoMDNewVenetianGold,GRANITE,Granite,Level 2, $ 35.00 
Caruso MD,,Salinas White,CarusoMDSalinasWhite,GRANITE,Granite,Level 2, $ 35.00 
Caruso MD,,Sapphire Brown,CarusoMDSapphireBrown,GRANITE,Granite,Level 2, $ 35.00 
Caruso MD,,Steel Gray,CarusoMDSteelGray,GRANITE,Granite,Level 2, $ 35.00 
Caruso MD,,Viscon White ,CarusoMDVisconWhite,GRANITE,Granite,Level 2, $ 35.00 
Caruso MD,,African Rainbow,CarusoMDAfricanRainbow,GRANITE,Granite,Level 3, $ 53.00 
Caruso MD,,Bianco Antico,CarusoMDBiancoAntico,GRANITE,Granite,Level 3, $ 53.00 
Caruso MD,,Black Galaxy,CarusoMDBlackGalaxy,GRANITE,Granite,Level 3, $ 53.00 
Caruso MD,,Blue Pearl GT,CarusoMDBluePearlGT,GRANITE,Granite,Level 3, $ 53.00 
Caruso MD,,Royal Jade,CarusoMDRoyalJade,GRANITE,Granite,Level 3, $ 53.00 
Caruso MD,,White Ice,CarusoMDWhiteIce,GRANITE,Granite,Level 3, $ 53.00 
Caruso MD,,White Springs,CarusoMDWhiteSprings,GRANITE,Granite,Level 3, $ 53.00 
Caruso MD,MSI,Arctic White  ,CarusoMDArcticWhite,QUARTZ,MSI Quartzes,Level 1, $ 35.00 
Caruso MD,SILESTONE,Blanco Maple ,CarusoMDBlancoMaple,QUARTZ,SILESTONE,Level 1, $ 35.00 
Caruso MD,MSI,Carrara Marmi ,CarusoMDCarraraMarmi,QUARTZ,MSI Quartzes,Level 1, $ 35.00 
Caruso MD,MSI,Carrara Mist ,CarusoMDCarraraMist,QUARTZ,MSI Quartzes,Level 1, $ 35.00 
Caruso MD,MSI,Carrara Morro ,CarusoMDCarraraMorro,QUARTZ,MSI Quartzes,Level 1, $ 35.00 
Caruso MD,MSI,Desert Bloom ,CarusoMDDesertBloom,QUARTZ,MSI Quartzes,Level 1, $ 35.00 
Caruso MD,SILESTONE,Grey Expo ,CarusoMDGreyExpo,QUARTZ,SILESTONE,Level 1, $ 35.00 
Caruso MD,MSI,Peppercorn White ,CarusoMDPeppercornWhite,QUARTZ,MSI Quartzes,Level 1, $ 35.00 
Caruso MD,MSI,Sparkling White ,CarusoMDSparklingWhite,QUARTZ,MSI Quartzes,Level 1, $ 35.00 
Caruso MD,SILESTONE,Ariel ,CarusoMDAriel,QUARTZ,SILESTONE,Level 2, $ 53.00 
Caruso MD,MSI,Calacatta Alto ,CarusoMDCalacattaAlto,QUARTZ,MSI Quartzes,Level 2, $ 53.00 
Caruso MD,MSI,Calacatta Classique ,CarusoMDCalacattaClassique,QUARTZ,MSI Quartzes,Level 2, $ 53.00 
Caruso MD,SILESTONE,Eternal Bella ,CarusoMDEternalBella,QUARTZ,SILESTONE,Level 2, $ 53.00 
Caruso MD,MSI,Fossil Gray ,CarusoMDFossilGray,QUARTZ,MSI Quartzes,Level 2, $ 53.00 
Caruso MD,SILESTONE,Lagoon ,CarusoMDLagoon,QUARTZ,SILESTONE,Level 2, $ 53.00 
Caruso MD,SILESTONE,Lusso ,CarusoMDLusso,QUARTZ,SILESTONE,Level 2, $ 53.00 
Caruso MD,SILESTONE,Lyra ,CarusoMDLyra,QUARTZ,SILESTONE,Level 2, $ 53.00 
Caruso MD,SILESTONE,Pearl Jasmine ,CarusoMDPearlJasmine,QUARTZ,SILESTONE,Level 2, $ 53.00 
Caruso MD,MSI,Soapstone Metropolis ,CarusoMDSoapstoneMetropolis,QUARTZ,MSI Quartzes,Level 2, $ 53.00 
Creative Homes,,Crema Caramel ,CreativeHomesCremaCaramel,GRANITE,Granite,Level 1, $ 35.00 
Creative Homes,,Luna Pearl,CreativeHomesLunaPearl,GRANITE,Granite,Level 1, $ 35.00 
Creative Homes,,New Caledonia,CreativeHomesNewCaledonia,GRANITE,Granite,Level 1, $ 35.00 
Creative Homes,,Tan Brown,CreativeHomesTanBrown,GRANITE,Granite,Level 1, $ 35.00 
Creative Homes,,Ubatuba,CreativeHomesUbatuba,GRANITE,Granite,Level 1, $ 35.00 
Creative Homes,,Colonial White,CreativeHomesColonialWhite,GRANITE,Granite,Level 2, $ 40.00 
Creative Homes,,Dallas White,CreativeHomesDallasWhite,GRANITE,Granite,Level 2, $ 40.00 
Creative Homes,,Moon White,CreativeHomesMoonWhite,GRANITE,Granite,Level 2, $ 40.00 
Creative Homes,,New Venetian Gold,CreativeHomesNewVenetianGold,GRANITE,Granite,Level 2, $ 40.00 
Creative Homes,,Santa Cecilia Light,CreativeHomesSantaCeciliaLight,GRANITE,Granite,Level 2, $ 40.00 
Creative Homes,,Steel Grey ,CreativeHomesSteelGrey,GRANITE,Granite,Level 2, $ 40.00 
Creative Homes,,Bianco Antico,CreativeHomesBiancoAntico,GRANITE,Granite,Level 3, $ 60.00 
Creative Homes,,Black Galaxy,CreativeHomesBlackGalaxy,GRANITE,Granite,Level 3, $ 60.00 
Creative Homes,,Blue Pearl,CreativeHomesBluePearl,GRANITE,Granite,Level 3, $ 60.00 
Creative Homes,,Delicatus White,CreativeHomesDelicatusWhite,GRANITE,Granite,Level 3, $ 60.00 
Creative Homes,MSI,Sparkling White ,CreativeHomesSparklingWhite,QUARTZ,MSI Quartzes,Level 1, $ 40.00 
Creative Homes,ASPEN,Aspen Calacata Classic,CreativeHomesAspenCalacataClassic,QUARTZ,ASPEN,Level 2, $ 60.00 
Creative Homes,MSI,Cashmere Carrera ,CreativeHomesCashmereCarrera,QUARTZ,MSI Quartzes,Level 2, $ 60.00 
Creative Homes,ASPEN,Aspen Latte,CreativeHomesAspenLatte,QUARTZ,ASPEN,Level 2, $ 60.00 
Dan Ryan DE,,Crema Caramel,DanRyanDECremaCaramel,GRANITE,Granite,Level 1, $ 25.00 
Dan Ryan DE,,Luna Pearl,DanRyanDELunaPearl,GRANITE,Granite,Level 1, $ 25.00 
Dan Ryan DE,,Azul Platino,DanRyanDEAzulPlatino,GRANITE,Granite,Level 2, $ 34.00 
Dan Ryan DE,,Bianco Primata,DanRyanDEBiancoPrimata,GRANITE,Granite,Level 2, $ 34.00 
Dan Ryan DE,,Moon White,DanRyanDEMoonWhite,GRANITE,Granite,Level 2, $ 34.00 
Dan Ryan DE,,Ornamental White,DanRyanDEOrnamentalWhite,GRANITE,Granite,Level 2, $ 34.00 
Dan Ryan DE,,Steel Gray,DanRyanDESteelGray,GRANITE,Granite,Level 2, $ 34.00 
Dan Ryan DE,,Absolute Black,DanRyanDEAbsoluteBlack,GRANITE,Granite,Level 3, $ 43.00 
Dan Ryan DE,,Bianco Antico,DanRyanDEBiancoAntico,GRANITE,Granite,Level 3, $ 43.00 
Dan Ryan DE,,Royal Jade,DanRyanDERoyalJade,GRANITE,Granite,Level 3, $ 43.00 
Dan Ryan DE,,Salinas White,DanRyanDESalinasWhite,GRANITE,Granite,Level 3, $ 43.00 
Dan Ryan DE,,White Ice,DanRyanDEWhiteIce,GRANITE,Granite,Level 3, $ 43.00 
Dan Ryan DE,SILESTONE,Blanco City,DanRyanDEBlancoCity,QUARTZ,SILESTONE,Level 1, $ 32.00 
Dan Ryan DE,SILESTONE,Blanco Maple,DanRyanDEBlancoMaple,QUARTZ,SILESTONE,Level 1, $ 32.00 
Dan Ryan DE,SILESTONE,Grey Expo,DanRyanDEGreyExpo,QUARTZ,SILESTONE,Level 1, $ 32.00 
Dan Ryan DE,SILESTONE,Ariel,DanRyanDEAriel,QUARTZ,SILESTONE,Level 2, $ 43.00 
Dan Ryan DE,SILESTONE,Lyra,DanRyanDELyra,QUARTZ,SILESTONE,Level 2, $ 43.00 
Dan Ryan DE,SILESTONE,Royal Reef,DanRyanDERoyalReef,QUARTZ,SILESTONE,Level 2, $ 43.00 
Dan Ryan DE,SILESTONE,Tebas Black,DanRyanDETebasBlack,QUARTZ,SILESTONE,Level 2, $ 43.00 
Dan Ryan DE,SILESTONE,Bianco Orion,DanRyanDEBiancoOrion,QUARTZ,SILESTONE,Level 3, $ 53.00 
Dan Ryan DE,SILESTONE,Lusso,DanRyanDELusso,QUARTZ,SILESTONE,Level 3, $ 53.00 
Dan Ryan DE,SILESTONE,Stellar Snow,DanRyanDEStellarSnow,QUARTZ,SILESTONE,Level 3, $ 53.00 
Dan Ryan DE,SILESTONE,White Zeus,DanRyanDEWhiteZeus,QUARTZ,SILESTONE,Level 3, $ 53.00 
Dan Ryan DE,SILESTONE,Calypso,DanRyanDECalypso,QUARTZ,SILESTONE,Level 4, $ 58.00 
Dan Ryan DE,SILESTONE,Eternal Calacatta,DanRyanDEEternalCalacatta,QUARTZ,SILESTONE,Level 4, $ 58.00 
Dan Ryan DE,SILESTONE,Ocean Jasper,DanRyanDEOceanJasper,QUARTZ,SILESTONE,Level 4, $ 58.00 
Dan Ryan DE,SILESTONE,Pearl Jasime,DanRyanDEPearlJasime,QUARTZ,SILESTONE,Level 4, $ 58.00 
Dan Ryan DE,SILESTONE,Pietra,DanRyanDEPietra,QUARTZ,SILESTONE,Level 4, $ 58.00 
Dan Ryan Metro,,Crema Caramel,DanRyanMetroCremaCaramel,GRANITE,Granite,Level 1, $ 24.00 
Dan Ryan Metro,,Luna Pearl,DanRyanMetroLunaPearl,GRANITE,Granite,Level 1, $ 24.00 
Dan Ryan Metro,,Azul Platino,DanRyanMetroAzulPlatino,GRANITE,Granite,Level 2, $ 33.00 
Dan Ryan Metro,,Blanca Primata ,DanRyanMetroBlancaPrimata,GRANITE,Granite,Level 2, $ 33.00 
Dan Ryan Metro,,Moon White ,DanRyanMetroMoonWhite,GRANITE,Granite,Level 2, $ 33.00 
Dan Ryan Metro,,Ornamental White,DanRyanMetroOrnamentalWhite,GRANITE,Granite,Level 2, $ 33.00 
Dan Ryan Metro,,Steel Gray ,DanRyanMetroSteelGray,GRANITE,Granite,Level 2, $ 33.00 
Dan Ryan Metro,,Ubatube,DanRyanMetroUbatube,GRANITE,Granite,Level 2, $ 33.00 
Dan Ryan Metro,,Absolute Black ,DanRyanMetroAbsoluteBlack,GRANITE,Granite,Level 3, $ 42.00 
Dan Ryan Metro,,Blanco Antico,DanRyanMetroBlancoAntico,GRANITE,Granite,Level 3, $ 42.00 
Dan Ryan Metro,,Royal Jade,DanRyanMetroRoyalJade,GRANITE,Granite,Level 3, $ 42.00 
Dan Ryan Metro,,Salinas White,DanRyanMetroSalinasWhite,GRANITE,Granite,Level 3, $ 42.00 
Dan Ryan Metro,,White Ice,DanRyanMetroWhiteIce,GRANITE,Granite,Level 3, $ 42.00 
Dan Ryan Metro,SILESTONE,Blanco City,DanRyanMetroBlancoCity,QUARTZ,SILESTONE,Level 1, $ 31.00 
Dan Ryan Metro,SILESTONE,Blanco Maple ,DanRyanMetroBlancoMaple,QUARTZ,SILESTONE,Level 1, $ 31.00 
Dan Ryan Metro,SILESTONE,Grey Expo,DanRyanMetroGreyExpo,QUARTZ,SILESTONE,Level 1, $ 31.00 
Dan Ryan Metro,SILESTONE,Ariel,DanRyanMetroAriel,QUARTZ,SILESTONE,Level 2, $ 42.00 
Dan Ryan Metro,SILESTONE,Lyra ,DanRyanMetroLyra,QUARTZ,SILESTONE,Level 2, $ 42.00 
Dan Ryan Metro,SILESTONE,Miami,DanRyanMetroMiami,QUARTZ,SILESTONE,Level 2, $ 42.00 
Dan Ryan Metro,SILESTONE,Tebas Black,DanRyanMetroTebasBlack,QUARTZ,SILESTONE,Level 2, $ 42.00 
Dan Ryan Metro,SILESTONE,Bianco Orion,DanRyanMetroBiancoOrion,QUARTZ,SILESTONE,Level 3, $ 52.00 
Dan Ryan Metro,SILESTONE,Lusso ,DanRyanMetroLusso,QUARTZ,SILESTONE,Level 3, $ 52.00 
Dan Ryan Metro,SILESTONE,Stellar Snow,DanRyanMetroStellarSnow,QUARTZ,SILESTONE,Level 3, $ 52.00 
Dan Ryan Metro,SILESTONE,White Zeus,DanRyanMetroWhiteZeus,QUARTZ,SILESTONE,Level 3, $ 52.00 
Dan Ryan Metro,SILESTONE,Calypso,DanRyanMetroCalypso,QUARTZ,SILESTONE,Level 4, $ 57.00 
Dan Ryan Metro,SILESTONE,Et Bella,DanRyanMetroEtBella,QUARTZ,SILESTONE,Level 4, $ 57.00 
Dan Ryan Metro,SILESTONE,Eternal Calacatta ,DanRyanMetroEternalCalacatta,QUARTZ,SILESTONE,Level 4, $ 57.00 
Dan Ryan Metro,SILESTONE,Ocean Jasper,DanRyanMetroOceanJasper,QUARTZ,SILESTONE,Level 4, $ 57.00 
Dan Ryan Metro,SILESTONE,Pearl Jasmine,DanRyanMetroPearlJasmine,QUARTZ,SILESTONE,Level 4, $ 57.00 
Dan Ryan Metro,SILESTONE,Pietra,DanRyanMetroPietra,QUARTZ,SILESTONE,Level 4, $ 57.00 
DELUCA HOMES,,Crema Caramel,DELUCAHOMESCremaCaramel,GRANITE,Granite,Level 1, $ 30.00 
DELUCA HOMES,,Luna Pearl,DELUCAHOMESLunaPearl,GRANITE,Granite,Level 1, $ 30.00 
DELUCA HOMES,,New Caledonia,DELUCAHOMESNewCaledonia,GRANITE,Granite,Level 1, $ 30.00 
DELUCA HOMES,,Swan Gray,DELUCAHOMESSwanGray,GRANITE,Granite,Level 1, $ 30.00 
DELUCA HOMES,,Azul Platino,DELUCAHOMESAzulPlatino,GRANITE,Granite,Level 2, $ 36.00 
DELUCA HOMES,,Black Pearl,DELUCAHOMESBlackPearl,GRANITE,Granite,Level 2, $ 36.00 
DELUCA HOMES,,Ornamental White,DELUCAHOMESOrnamentalWhite,GRANITE,Granite,Level 2, $ 36.00 
DELUCA HOMES,,Santa Cecilia Light,DELUCAHOMESSantaCeciliaLight,GRANITE,Granite,Level 2, $ 36.00 
DELUCA HOMES,,Sapphire Blue,DELUCAHOMESSapphireBlue,GRANITE,Granite,Level 2, $ 36.00 
DELUCA HOMES,,Steel Gray,DELUCAHOMESSteelGray,GRANITE,Granite,Level 2, $ 36.00 
DELUCA HOMES,,Bianco Antico,DELUCAHOMESBiancoAntico,GRANITE,Granite,Level 3, $ 43.00 
DELUCA HOMES,,Colonial White,DELUCAHOMESColonialWhite,GRANITE,Granite,Level 3, $ 43.00 
DELUCA HOMES,,Moon White,DELUCAHOMESMoonWhite,GRANITE,Granite,Level 3, $ 43.00 
DELUCA HOMES,,New Venetian Gold ,DELUCAHOMESNewVenetianGold,GRANITE,Granite,Level 3, $ 43.00 
DELUCA HOMES,,Viscon White,DELUCAHOMESVisconWhite,GRANITE,Granite,Level 3, $ 43.00 
DELUCA HOMES,,Black Galaxy ,DELUCAHOMESBlackGalaxy,GRANITE,Granite,Level 4, $ 49.00 
DELUCA HOMES,,Blue Pearl GT,DELUCAHOMESBluePearlGT,GRANITE,Granite,Level 4, $ 49.00 
DELUCA HOMES,,Emerald Pearl,DELUCAHOMESEmeraldPearl,GRANITE,Granite,Level 4, $ 49.00 
DELUCA HOMES,,Royal Jade,DELUCAHOMESRoyalJade,GRANITE,Granite,Level 4, $ 49.00 
DELUCA HOMES,,Snow Fall,DELUCAHOMESSnowFall,GRANITE,Granite,Level 4, $ 49.00 
DELUCA HOMES,,White Ice,DELUCAHOMESWhiteIce,GRANITE,Granite,Level 4, $ 49.00 
DELUCA HOMES,MSI,Bayshore Sands,DELUCAHOMESBayshoreSands,QUARTZ,MSI Quartzes,Level 1, $ 36.00 
DELUCA HOMES,MSI,Iced Gray,DELUCAHOMESIcedGray,QUARTZ,MSI Quartzes,Level 1, $ 36.00 
DELUCA HOMES,MSI,Iced White,DELUCAHOMESIcedWhite,QUARTZ,MSI Quartzes,Level 1, $ 36.00 
DELUCA HOMES,MSI,Artic White,DELUCAHOMESArticWhite,QUARTZ,MSI Quartzes,Level 2, $ 43.00 
DELUCA HOMES,MSI,Desert Bloom,DELUCAHOMESDesertBloom,QUARTZ,MSI Quartzes,Level 2, $ 43.00 
DELUCA HOMES,MSI,Peppercorn White,DELUCAHOMESPeppercornWhite,QUARTZ,MSI Quartzes,Level 2, $ 43.00 
DELUCA HOMES,MSI,Carrara Marmi,DELUCAHOMESCarraraMarmi,QUARTZ,MSI Quartzes,Level 3, $ 49.00 
DELUCA HOMES,MSI,Fossil Grey,DELUCAHOMESFossilGrey,QUARTZ,MSI Quartzes,Level 3, $ 49.00 
DELUCA HOMES,MSI,Fossil Taupe,DELUCAHOMESFossilTaupe,QUARTZ,MSI Quartzes,Level 3, $ 49.00 
DELUCA HOMES,MSI,Sparkling Black ,DELUCAHOMESSparklingBlack,QUARTZ,MSI Quartzes,Level 3, $ 49.00 
DELUCA HOMES,MSI,Sparkling White,DELUCAHOMESSparklingWhite,QUARTZ,MSI Quartzes,Level 3, $ 49.00 
DELUCA HOMES,MSI,Calacatta Classique,DELUCAHOMESCalacattaClassique,QUARTZ,MSI Quartzes,Level 4, $ 58.00 
DELUCA HOMES,MSI,Calacatta Vicenza,DELUCAHOMESCalacattaVicenza,QUARTZ,MSI Quartzes,Level 4, $ 58.00 
DELUCA HOMES,MSI,Carrara Grigio,DELUCAHOMESCarraraGrigio,QUARTZ,MSI Quartzes,Level 4, $ 58.00 
DELUCA HOMES,MSI,Mont Clair White,DELUCAHOMESMontClairWhite,QUARTZ,MSI Quartzes,Level 4, $ 58.00 
DELUCA HOMES,MSI,Sahara Beige,DELUCAHOMESSaharaBeige,QUARTZ,MSI Quartzes,Level 4, $ 58.00 
DMR - PDR,,Luna Pearl,DMR-PDRLunaPearl,GRANITE,Granite,Level 1, $ 29.00 
DMR - PDR,,Ubatuba,DMR-PDRUbatuba,GRANITE,Granite,Level 1, $ 29.00 
DMR - PDR,,Azul Platino,DMR-PDRAzulPlatino,GRANITE,Granite,Level 2, $ 39.00 
DMR - PDR,,Moon White,DMR-PDRMoonWhite,GRANITE,Granite,Level 2, $ 39.00 
DMR - PDR,,Steel Gray,DMR-PDRSteelGray,GRANITE,Granite,Level 2, $ 39.00 
DMR - PDR,MSI,MSI Iced White,DMR-PDRMSIIcedWhite,QUARTZ,MSI Quartzes,Level 1, $ 29.00 
DMR - PDR,MSI,MSI Pebble Rock,DMR-PDRMSIPebbleRock,QUARTZ,MSI Quartzes,Level 1, $ 29.00 
DMR - PDR,MSI,MSI Artic White,DMR-PDRMSIArticWhite,QUARTZ,MSI Quartzes,Level 2, $ 39.00 
DMR - PDR,MSI,MSI Carrara Marmi,DMR-PDRMSICarraraMarmi,QUARTZ,MSI Quartzes,Level 2, $ 39.00 
DMR - PDR,MSI,MSI Carrara Mist,DMR-PDRMSICarraraMist,QUARTZ,MSI Quartzes,Level 2, $ 39.00 
Dr Horton DE,,Granite,DrHortonDEGranite,GRANITE,Granite,Level 1, $ 25.50 
Dr Horton DE,,Luna Pearl,DrHortonDELunaPearl,GRANITE,Granite,Level 1, $ 25.50 
Dr Horton DE,,New Caledonia,DrHortonDENewCaledonia,GRANITE,Granite,Level 1, $ 25.50 
Dr Horton DE,,Ubatuba,DrHortonDEUbatuba,GRANITE,Granite,Level 2, $ 30.00 
Dr Horton DE,,Black Pearl,DrHortonDEBlackPearl,GRANITE,Granite,Level 2, $ 30.00 
Dr Horton DE,,Dallas White,DrHortonDEDallasWhite,GRANITE,Granite,Level 2, $ 30.00 
Dr Horton DE,,Moon White,DrHortonDEMoonWhite,GRANITE,Granite,Level 2, $ 30.00 
Dr Horton DE,,Santa Cecilia Light,DrHortonDESantaCeciliaLight,GRANITE,Granite,Level 2, $ 30.00 
Dr Horton DE,,Giallo Ornamental,DrHortonDEGialloOrnamental,GRANITE,Granite,Level 3, $ 36.00 
Dr Horton DE,,Steel Grey,DrHortonDESteelGrey,GRANITE,Granite,Level 3, $ 36.00 
Dr Horton DE,MSI,Frost White,DrHortonDEFrostWhite,QUARTZ,MSI Quartzes,Level 1, $ 25.50 
Dr Horton DE,MSI,Pebble Rock,DrHortonDEPebbleRock,QUARTZ,MSI Quartzes,Level 1, $ 25.50 
Dr Horton DE,MSI,Artic White,DrHortonDEArticWhite,QUARTZ,MSI Quartzes,Level 2, $ 30.00 
Dr Horton DE,MSI,Carrara Marmi,DrHortonDECarraraMarmi,QUARTZ,MSI Quartzes,Level 2, $ 30.00 
Dr Horton DE,MSI,Fossil Gray,DrHortonDEFossilGray,QUARTZ,MSI Quartzes,Level 2, $ 30.00 
Dr Horton DE,MSI,Iced White,DrHortonDEIcedWhite,QUARTZ,MSI Quartzes,Level 2, $ 30.00 
Dr Horton DE,MSI,Carrara Caldia,DrHortonDECarraraCaldia,QUARTZ,MSI Quartzes,Level 3, $ 36.00 
Dr Horton DE,MSI,Gray Lagoon,DrHortonDEGrayLagoon,QUARTZ,MSI Quartzes,Level 3, $ 36.00 
Dr Horton DE,MSI,Sparkling Black,DrHortonDESparklingBlack,QUARTZ,MSI Quartzes,Level 3, $ 36.00 
Gemcraft,,Luna Pearl,GemcraftLunaPearl,GRANITE,Granite,Level 1, $ 35.00 
Gemcraft,,New Caledonia ,GemcraftNewCaledonia,GRANITE,Granite,Level 1, $ 35.00 
Gemcraft,,Steel Gray ,GemcraftSteelGray,GRANITE,Granite,Level 1, $ 35.00 
Gemcraft,,Tan Brown,GemcraftTanBrown,GRANITE,Granite,Level 1, $ 35.00 
Gemcraft,,Colonial White,GemcraftColonialWhite,GRANITE,Granite,Level 2, $ 40.00 
Gemcraft,,Dallas White,GemcraftDallasWhite,GRANITE,Granite,Level 2, $ 40.00 
Gemcraft,,New Venetian Gold,GemcraftNewVenetianGold,GRANITE,Granite,Level 2, $ 40.00 
Gemcraft,,Santa Cecilia Light,GemcraftSantaCeciliaLight,GRANITE,Granite,Level 2, $ 40.00 
Gemcraft,,Bianco Antico,GemcraftBiancoAntico,GRANITE,Granite,Level 3, $ 60.00 
Gemcraft,,Black Galazy ,GemcraftBlackGalazy,GRANITE,Granite,Level 3, $ 60.00 
Gemcraft,,Blue Pearl,GemcraftBluePearl,GRANITE,Granite,Level 3, $ 60.00 
Gemcraft,,Delicatus White,GemcraftDelicatusWhite,GRANITE,Granite,Level 3, $ 60.00 
Gemcraft,MSI,Iced Gray ,GemcraftIcedGray,QUARTZ,MSI Quartzes,Level 1, $ 40.00 
Gemcraft,MSI,Iced White ,GemcraftIcedWhite,QUARTZ,MSI Quartzes,Level 1, $ 40.00 
Gemcraft,MSI,Sparklling White ,GemcraftSparkllingWhite,QUARTZ,MSI Quartzes,Level 1, $ 40.00 
Gemcraft,MSI,Calacatta Classique ,GemcraftCalacattaClassique,QUARTZ,MSI Quartzes,Level 2, $ 60.00 
Gemcraft,ASPEN,Latte ,GemcraftLatte,QUARTZ,ASPEN,Level 2, $ 60.00 
Gemcraft,MSI,Cashmer Carrara ,GemcraftCashmerCarrara,QUARTZ,MSI Quartzes,Level 2, $ 60.00 
Grand Villa Homes,,Crema Caramel,GrandVillaHomesCremaCaramel,GRANITE,Granite,Base, $ 28.00 
Grand Villa Homes,,Luna Pearl,GrandVillaHomesLunaPearl,GRANITE,Granite,Base, $ 28.00 
Grand Villa Homes,,Ubatuba,GrandVillaHomesUbatuba,GRANITE,Granite,Base, $ 28.00 
Grand Villa Homes,,Azul Platino,GrandVillaHomesAzulPlatino,GRANITE,Granite,Upgrade 1, $ 38.00 
Grand Villa Homes,,Bianca Primata,GrandVillaHomesBiancaPrimata,GRANITE,Granite,Upgrade 1, $ 38.00 
Grand Villa Homes,,Colonial White,GrandVillaHomesColonialWhite,GRANITE,Granite,Upgrade 1, $ 38.00 
Grand Villa Homes,,New Venetian Gold,GrandVillaHomesNewVenetianGold,GRANITE,Granite,Upgrade 1, $ 38.00 
Grand Villa Homes,,Salinas White,GrandVillaHomesSalinasWhite,GRANITE,Granite,Upgrade 1, $ 38.00 
Grand Villa Homes,,Sapphire Brown,GrandVillaHomesSapphireBrown,GRANITE,Granite,Upgrade 1, $ 38.00 
Grand Villa Homes,,Steel Gray,GrandVillaHomesSteelGray,GRANITE,Granite,Upgrade 1, $ 38.00 
Grand Villa Homes,,Viscon White *,GrandVillaHomesVisconWhite*,GRANITE,Granite,Upgrade 1, $ 38.00 
Grand Villa Homes,,African Rainbow,GrandVillaHomesAfricanRainbow,GRANITE,Granite,Upgrade 2, $ 55.00 
Grand Villa Homes,,Bianco Antico,GrandVillaHomesBiancoAntico,GRANITE,Granite,Upgrade 2, $ 55.00 
Grand Villa Homes,,Black Galaxy,GrandVillaHomesBlackGalaxy,GRANITE,Granite,Upgrade 2, $ 55.00 
Grand Villa Homes,,Fantasy Brown,GrandVillaHomesFantasyBrown,GRANITE,Granite,Upgrade 2, $ 55.00 
Grand Villa Homes,,Royal Jade,GrandVillaHomesRoyalJade,GRANITE,Granite,Upgrade 2, $ 55.00 
Grand Villa Homes,,White Ice,GrandVillaHomesWhiteIce,GRANITE,Granite,Upgrade 2, $ 55.00 
Grand Villa Homes,,White Springs,GrandVillaHomesWhiteSprings,GRANITE,Granite,Upgrade 2, $ 55.00 
Grand Villa Homes,,White Waves,GrandVillaHomesWhiteWaves,GRANITE,Granite,Upgrade 2, $ 55.00 
Grand Villa Homes,,Warehouse custom,GrandVillaHomesWarehousecustom,GRANITE,Granite,Custom, $ 72.00 
Grand Villa Homes,MSI,2cm Iced White,GrandVillaHomes2cmIcedWhite,QUARTZ,MSI Quartzes,Base, $ 28.00 
Grand Villa Homes,MSI,Arctic White ,GrandVillaHomesArcticWhite,QUARTZ,MSI Quartzes,Upgrade 1, $ 38.00 
Grand Villa Homes,MSI,Carrara Marmi ,GrandVillaHomesCarraraMarmi,QUARTZ,MSI Quartzes,Upgrade 1, $ 38.00 
Grand Villa Homes,MSI,Carrara Mist ,GrandVillaHomesCarraraMist,QUARTZ,MSI Quartzes,Upgrade 1, $ 38.00 
Grand Villa Homes,MSI,Carrara Morro ,GrandVillaHomesCarraraMorro,QUARTZ,MSI Quartzes,Upgrade 1, $ 38.00 
Grand Villa Homes,MSI,Peppercorn White ,GrandVillaHomesPeppercornWhite,QUARTZ,MSI Quartzes,Upgrade 1, $ 38.00 
Grand Villa Homes,MSI,Sparkling White ,GrandVillaHomesSparklingWhite,QUARTZ,MSI Quartzes,Upgrade 1, $ 38.00 
Grand Villa Homes,MSI,Blanca Arabescato ,GrandVillaHomesBlancaArabescato,QUARTZ,MSI Quartzes,Upgrade 2, $ 55.00 
Grand Villa Homes,MSI,Calacatta Alto ,GrandVillaHomesCalacattaAlto,QUARTZ,MSI Quartzes,Upgrade 2, $ 55.00 
Grand Villa Homes,MSI,Calacatta Class ,GrandVillaHomesCalacattaClass,QUARTZ,MSI Quartzes,Upgrade 2, $ 55.00 
Grand Villa Homes,MSI,Fossil Gray ,GrandVillaHomesFossilGray,QUARTZ,MSI Quartzes,Upgrade 2, $ 55.00 
Grand Villa Homes,SILESTONE,Blanco Maple ,GrandVillaHomesBlancoMaple,QUARTZ,SILESTONE,Upgrade 1, $ 38.00 
Grand Villa Homes,SILESTONE,Grey Expo ,GrandVillaHomesGreyExpo,QUARTZ,SILESTONE,Upgrade 1, $ 38.00 
Grand Villa Homes,SILESTONE,Ariel ,GrandVillaHomesAriel,QUARTZ,SILESTONE,Upgrade 2, $ 55.00 
Grand Villa Homes,SILESTONE,Lyra ,GrandVillaHomesLyra,QUARTZ,SILESTONE,Upgrade 2, $ 55.00 
Grand Villa Homes,SILESTONE,Pearl Jasmine ,GrandVillaHomesPearlJasmine,QUARTZ,SILESTONE,Upgrade 2, $ 55.00 
Grand Villa Homes,MSI,Grey Lagoon ,GrandVillaHomesGreyLagoon,QUARTZ,MSI Quartzes,Upgrade 2, $ 55.00 
Howmar Homes,,Crema Caramel,HowmarHomesCremaCaramel,GRANITE,Granite,Level 1, $ 30.00 
Howmar Homes,,Giallo Fiorito,HowmarHomesGialloFiorito,GRANITE,Granite,Level 1, $ 30.00 
Howmar Homes,,Luna Pearl,HowmarHomesLunaPearl,GRANITE,Granite,Level 1, $ 30.00 
Howmar Homes,,Ubatuba,HowmarHomesUbatuba,GRANITE,Granite,Level 1, $ 30.00 
Howmar Homes,,Bianca Primata,HowmarHomesBiancaPrimata,GRANITE,Granite,Level 2, $ 36.00 
Howmar Homes,,Giallo Ornamental,HowmarHomesGialloOrnamental,GRANITE,Granite,Level 2, $ 36.00 
Howmar Homes,,Sapphire Brown,HowmarHomesSapphireBrown,GRANITE,Granite,Level 2, $ 36.00 
Howmar Homes,,St. Cecilia Classic,HowmarHomesSt.CeciliaClassic,GRANITE,Granite,Level 2, $ 36.00 
Howmar Homes,,St. Cecilia Light,HowmarHomesSt.CeciliaLight,GRANITE,Granite,Level 2, $ 36.00 
Howmar Homes,,Steel Gray,HowmarHomesSteelGray,GRANITE,Granite,Level 2, $ 36.00 
Howmar Homes,,Absolute Black,HowmarHomesAbsoluteBlack,GRANITE,Granite,Level 3, $ 43.00 
Howmar Homes,,Blue Pearl GT,HowmarHomesBluePearlGT,GRANITE,Granite,Level 3, $ 43.00 
Howmar Homes,,Colonial White,HowmarHomesColonialWhite,GRANITE,Granite,Level 3, $ 43.00 
Howmar Homes,,Viscon White,HowmarHomesVisconWhite,GRANITE,Granite,Level 3, $ 43.00 
Howmar Homes,,Bianco Antico,HowmarHomesBiancoAntico,GRANITE,Granite,Level 4, $ 54.00 
Howmar Homes,,Fantasy Brown,HowmarHomesFantasyBrown,GRANITE,Granite,Level 4, $ 54.00 
Howmar Homes,,Royal Jade,HowmarHomesRoyalJade,GRANITE,Granite,Level 4, $ 54.00 
Howmar Homes,,White Ice,HowmarHomesWhiteIce,GRANITE,Granite,Level 4, $ 54.00 
Howmar Homes,,White Springs,HowmarHomesWhiteSprings,GRANITE,Granite,Level 4, $ 54.00 
JP ORLEANS,,Crema Caramel,JPORLEANSCremaCaramel,GRANITE,Granite,Level 1, $ 28.00 
JP ORLEANS,,Luna Pearl,JPORLEANSLunaPearl,GRANITE,Granite,Level 1, $ 28.00 
JP ORLEANS,,New Caledonia ,JPORLEANSNewCaledonia,GRANITE,Granite,Level 1, $ 28.00 
JP ORLEANS,,Verde Butterfly,JPORLEANSVerdeButterfly,GRANITE,Granite,Level 1, $ 28.00 
JP ORLEANS,,Azul Platino,JPORLEANSAzulPlatino,GRANITE,Granite,Level 2, $ 35.00 
JP ORLEANS,,Santa Cecilia Light,JPORLEANSSantaCeciliaLight,GRANITE,Granite,Level 2, $ 35.00 
JP ORLEANS,,Sapphire Blue,JPORLEANSSapphireBlue,GRANITE,Granite,Level 2, $ 35.00 
JP ORLEANS,,Steel Grey ,JPORLEANSSteelGrey,GRANITE,Granite,Level 2, $ 35.00 
JP ORLEANS,,Tan Brown,JPORLEANSTanBrown,GRANITE,Granite,Level 2, $ 35.00 
JP ORLEANS,,Viscon White,JPORLEANSVisconWhite,GRANITE,Granite,Level 2, $ 35.00 
JP ORLEANS,,Absolute Black,JPORLEANSAbsoluteBlack,GRANITE,Granite,Level 3, $ 41.00 
JP ORLEANS,,Colonial White,JPORLEANSColonialWhite,GRANITE,Granite,Level 3, $ 41.00 
JP ORLEANS,,Moon White,JPORLEANSMoonWhite,GRANITE,Granite,Level 3, $ 41.00 
JP ORLEANS,,Ornamental White,JPORLEANSOrnamentalWhite,GRANITE,Granite,Level 3, $ 41.00 
JP ORLEANS,,Royal Jade,JPORLEANSRoyalJade,GRANITE,Granite,Level 3, $ 41.00 
JP ORLEANS,,Steel Grey Leathered,JPORLEANSSteelGreyLeathered,GRANITE,Granite,Level 3, $ 41.00 
JP ORLEANS,,Tropical Brown,JPORLEANSTropicalBrown,GRANITE,Granite,Level 3, $ 41.00 
JP ORLEANS,,Bianco Antico,JPORLEANSBiancoAntico,GRANITE,Granite,Level 4, $ 58.00 
JP ORLEANS,,Blue Pearl,JPORLEANSBluePearl,GRANITE,Granite,Level 4, $ 58.00 
JP ORLEANS,,Volga Blue,JPORLEANSVolgaBlue,GRANITE,Granite,Level 4, $ 58.00 
JP ORLEANS,,White Ice,JPORLEANSWhiteIce,GRANITE,Granite,Level 4, $ 58.00 
JP ORLEANS,MSI,Desert Bloom ,JPORLEANSDesertBloom,QUARTZ,MSI Quartzes,Level 1, $ 35.00 
JP ORLEANS,MSI,Iced White ,JPORLEANSIcedWhite,QUARTZ,MSI Quartzes,Level 1, $ 35.00 
JP ORLEANS,MSI,Artic White ,JPORLEANSArticWhite,QUARTZ,MSI Quartzes,Level 2, $ 41.00 
JP ORLEANS,MSI,Coronado ,JPORLEANSCoronado,QUARTZ,MSI Quartzes,Level 2, $ 41.00 
JP ORLEANS,MSI,Sparkling White ,JPORLEANSSparklingWhite,QUARTZ,MSI Quartzes,Level 2, $ 41.00 
JP ORLEANS,MSI,Stellar Gray ,JPORLEANSStellarGray,QUARTZ,MSI Quartzes,Level 2, $ 41.00 
JP ORLEANS,MSI,Toasted Almond ,JPORLEANSToastedAlmond,QUARTZ,MSI Quartzes,Level 2, $ 41.00 
JP ORLEANS,MSI,Babylon Gray ,JPORLEANSBabylonGray,QUARTZ,MSI Quartzes,Level 3, $ 58.00 
JP ORLEANS,MSI,Calacatta Classique ,JPORLEANSCalacattaClassique,QUARTZ,MSI Quartzes,Level 3, $ 58.00 
JP ORLEANS,MSI,Carrara Grigio ,JPORLEANSCarraraGrigio,QUARTZ,MSI Quartzes,Level 3, $ 58.00 
JP ORLEANS,MSI,Cashmere Carrara ,JPORLEANSCashmereCarrara,QUARTZ,MSI Quartzes,Level 3, $ 58.00 
JP ORLEANS,MSI,Concerto ,JPORLEANSConcerto,QUARTZ,MSI Quartzes,Level 3, $ 58.00 
JP ORLEANS,MSI,Peppercorn White ,JPORLEANSPeppercornWhite,QUARTZ,MSI Quartzes,Level 3, $ 58.00 
JP ORLEANS,ASPEN,Latte ,JPORLEANSLatte,QUARTZ,ASPEN,Level 3, $ 58.00 
KHOV HOMES,,African Rainbow,KHOVHOMESAfricanRainbow,GRANITE,Granite,Level 3, $ 53.00 
KHOV HOMES,,Baltic Brown,KHOVHOMESBalticBrown,GRANITE,Granite,Level 2, $ 38.00 
KHOV HOMES,, G Fantasy Brown Brushed,KHOVHOMESGFantasyBrownBrushed,GRANITE,Granite,Level 5, $ 53.00 
KHOV HOMES,,G Luna Pearl,KHOVHOMESGLunaPearl,GRANITE,Granite,Level 1, $ 24.00 
KHOV HOMES,,G Colonial White Brushed,KHOVHOMESGColonialWhiteBrushed,GRANITE,Granite,Level 4, $ 49.00 
KHOV HOMES,,G Silver Cloud Brushed,KHOVHOMESGSilverCloudBrushed,GRANITE,Granite,Level 4, $ 49.00 
KHOV HOMES,,G Steel Grey Brushed,KHOVHOMESGSteelGreyBrushed,GRANITE,Granite,Level 2, $ 35.00 
KHOV HOMES,,G Santa Cecilia ,KHOVHOMESGSantaCecilia,GRANITE,Granite,Level 2, $ 35.00 
KHOV HOMES,,G Steel Grey (Brushed),KHOVHOMESGSteelGrey(Brushed),GRANITE,Granite,Level 2, $ 35.00 
KHOV HOMES,,Crema Bordeaux,KHOVHOMESCremaBordeaux,GRANITE,Granite,Level 3, $ 53.00 
KHOV HOMES,,Crema Caramel,KHOVHOMESCremaCaramel,GRANITE,Granite,Level 1, $ 24.00 
KHOV HOMES,,Delicatus White Ice,KHOVHOMESDelicatusWhiteIce,GRANITE,Granite,Level 3, $ 53.00 
KHOV HOMES,,Fantasy Brown Marble,KHOVHOMESFantasyBrownMarble,GRANITE,Granite,Level 3, $ 53.00 
KHOV HOMES,,Giallo Ornamental,KHOVHOMESGialloOrnamental,GRANITE,Granite,Level 3, $ 53.00 
KHOV HOMES,,Luna Pearl,KHOVHOMESLunaPearl,GRANITE,Granite,Level 1, $ 24.00 
KHOV HOMES,,Neptuno Bordeaux,KHOVHOMESNeptunoBordeaux,GRANITE,Granite,Level 3, $ 53.00 
KHOV HOMES,,New Caledonia,KHOVHOMESNewCaledonia,GRANITE,Granite,Level 2, $ 38.00 
KHOV HOMES,,Rosewood,KHOVHOMESRosewood,GRANITE,Granite,Level 3, $ 53.00 
KHOV HOMES,,Santa Cecilia (LC),KHOVHOMESSantaCecilia(LC),GRANITE,Granite,Level 2, $ 38.00 
KHOV HOMES,,Tan Brown,KHOVHOMESTanBrown,GRANITE,Granite,Level 2, $ 38.00 
KHOV HOMES,,Tempest Black,KHOVHOMESTempestBlack,GRANITE,Granite,Level 3, $ 53.00 
KHOV HOMES,,Towns @ Glen Oaks - Elements 2 - Steel Grey Brushed,KHOVHOMESTowns@GlenOaks-Elements2-SteelGreyBrushed,GRANITE,Granite,Level 2, $ 38.00 
KHOV HOMES,,Towns @ Glen Oaks - Loft - Steel Grey Brushed,KHOVHOMESTowns@GlenOaks-Loft-SteelGreyBrushed,GRANITE,Granite,Level 2, $ 38.00 
KHOV HOMES,,Tropical Brown,KHOVHOMESTropicalBrown,GRANITE,Granite,Level 3, $ 53.00 
KHOV HOMES,,Ubatuba,KHOVHOMESUbatuba,GRANITE,Granite,Level 2, $ 38.00 
KHOV HOMES,,Fantasy Brown Brushed,KHOVHOMESFantasyBrownBrushed,GRANITE,Granite,Level 5, $ 53.00 
KHOV HOMES,,Colonial White Brushed,KHOVHOMESColonialWhiteBrushed,GRANITE,Granite,Level 4, $ 49.00 
KHOV HOMES,,Steel Grey Brushed,KHOVHOMESSteelGreyBrushed,GRANITE,Granite,Level 2, $ 38.00 
KHOV HOMES,,Santa Cecilia ,KHOVHOMESSantaCecilia,GRANITE,Granite,Level 2, $ 38.00 
KHOV HOMES,,Viscon White,KHOVHOMESVisconWhite,GRANITE,Granite,Level 3, $ 53.00 
KHOV HOMES,,White Springs,KHOVHOMESWhiteSprings,GRANITE,Granite,Level 3, $ 53.00 
KHOV HOMES,MSI,Babylon Gray,KHOVHOMESBabylonGray,QUARTZ,MSI Quartzes,Level 3, $ 53.00 
KHOV HOMES,MSI,Calacatta Vincenza,KHOVHOMESCalacattaVincenza,QUARTZ,MSI Quartzes,Level 3, $ 53.00 
KHOV HOMES,MSI,Carrara Marmi,KHOVHOMESCarraraMarmi,QUARTZ,MSI Quartzes,Level 3, $ 53.00 
KHOV HOMES,MSI,Carrara Mist,KHOVHOMESCarraraMist,QUARTZ,MSI Quartzes,Level 3, $ 53.00 
KHOV HOMES,,Q Calcatta Vincenza Matte,KHOVHOMESQCalcattaVincenzaMatte,QUARTZ,MSI Quartzes,Level 6, $ 59.00 
KHOV HOMES,,Q Fossil Gray Matte,KHOVHOMESQFossilGrayMatte,QUARTZ,MSI Quartzes,Level 5, $ 53.00 
KHOV HOMES,,Cedar Grove- Stacked - Package 3A - Q Snow White,KHOVHOMESCedarGrove-Stacked-Package3A-QSnowWhite,QUARTZ,MSI Quartzes,Level 2, $ 39.00 
KHOV HOMES,,Q Carrara Mist,KHOVHOMESQCarraraMist,QUARTZ,MSI Quartzes,Level 3, $ 42.00 
KHOV HOMES,,Q Fossil Grey,KHOVHOMESQFossilGrey,QUARTZ,MSI Quartzes,Level 3, $ 42.00 
KHOV HOMES,,Q Carrara Morro,KHOVHOMESQCarraraMorro,QUARTZ,MSI Quartzes,Level 3, $ 42.00 
KHOV HOMES,,Fossil Brown,KHOVHOMESFossilBrown,QUARTZ,MSI Quartzes,Level 3, $ 53.00 
KHOV HOMES,,Fossil Gray,KHOVHOMESFossilGray,QUARTZ,MSI Quartzes,Level 3, $ 53.00 
KHOV HOMES,,Manhattan Gray,KHOVHOMESManhattanGray,QUARTZ,MSI Quartzes,Level 3, $ 53.00 
KHOV HOMES,,Sahara Beige,KHOVHOMESSaharaBeige,QUARTZ,MSI Quartzes,Level 3, $ 53.00 
KHOV HOMES,,Snow White,KHOVHOMESSnowWhite,QUARTZ,MSI Quartzes,Level 3, $ 53.00 
KHOV HOMES,,Sparkling Black,KHOVHOMESSparklingBlack,QUARTZ,MSI Quartzes,Level 3, $ 53.00 
KHOV HOMES,,Sparkling White,KHOVHOMESSparklingWhite,QUARTZ,MSI Quartzes,Level 3, $ 53.00 
KHOV HOMES,,Calcatta Vincenza Matte,KHOVHOMESCalcattaVincenzaMatte,QUARTZ,MSI Quartzes,Level 6, $ 59.00 
KHOV HOMES,,Calcatta Vincenzo Matte,KHOVHOMESCalcattaVincenzoMatte,QUARTZ,MSI Quartzes,Level 6, $ 59.00 
KHOV HOMES,,Fossil Gray Matte,KHOVHOMESFossilGrayMatte,QUARTZ,MSI Quartzes,Level 5, $ 53.00 
Kettler Forlines,,Luna Pearl ,KettlerForlinesLunaPearl,GRANITE,Granite,Level 1, $ 24.00 
Kettler Forlines,,New Caledonia,KettlerForlinesNewCaledonia,GRANITE,Granite,Level 1, $ 24.00 
Kettler Forlines,,Ubatuba,KettlerForlinesUbatuba,GRANITE,Granite,Level 1, $ 24.00 
Kettler Forlines,,Black Premium,KettlerForlinesBlackPremium,GRANITE,Granite,Level 3, $ 50.00 
Kettler Forlines,,Blue Pearl,KettlerForlinesBluePearl,GRANITE,Granite,Level 3, $ 50.00 
Kettler Forlines,,Colonial White,KettlerForlinesColonialWhite,GRANITE,Granite,Level 3, $ 50.00 
Kettler Forlines,,Giallo Veneziano ,KettlerForlinesGialloVeneziano,GRANITE,Granite,Level 3, $ 50.00 
Kettler Forlines,,Royal Jade,KettlerForlinesRoyalJade,GRANITE,Granite,Level 3, $ 50.00 
Kettler Forlines,,Moon White,KettlerForlinesMoonWhite,GRANITE,Granite,Level 3, $ 50.00 
Kettler Forlines,,Volga Blue,KettlerForlinesVolgaBlue,GRANITE,Granite,Level 3, $ 50.00 
Kettler Forlines,,New Venetian Gold,KettlerForlinesNewVenetianGold,GRANITE,Granite,Level 2, $ 38.00 
Kettler Forlines,,Santa Cecilia Light,KettlerForlinesSantaCeciliaLight,GRANITE,Granite,Level 2, $ 38.00 
Kettler Forlines,,Sapphire Blue,KettlerForlinesSapphireBlue,GRANITE,Granite,Level 2, $ 38.00 
Kettler Forlines,,Steel Grey,KettlerForlinesSteelGrey,GRANITE,Granite,Level 2, $ 38.00 
Kettler Forlines,,Viscon White,KettlerForlinesVisconWhite,GRANITE,Granite,Level 2, $ 38.00 
Kettler Forlines,,Customer selected at Warehouse - Level 4,KettlerForlinesCustomerselectedatWarehouse-Level4,GRANITE,Granite,Level 4, $ 60.00 
Kettler Forlines,,Customer selected at Warehouse - Level 5,KettlerForlinesCustomerselectedatWarehouse-Level5,GRANITE,Granite,Level 5, $ 70.00 
Kettler Forlines,MSI,Iced White 2cm ,KettlerForlinesIcedWhite2cm,QUARTZ,MSI Quartzes,Level 1, $ 24.00 
Kettler Forlines,SILESTONE,Altair 15 ,KettlerForlinesAltair15,QUARTZ,SILESTONE,Level 3, $ 50.00 
Kettler Forlines,SILESTONE,Coral Clay ,KettlerForlinesCoralClay,QUARTZ,SILESTONE,Level 3, $ 50.00 
Kettler Forlines,SILESTONE,Iron Bark ,KettlerForlinesIronBark,QUARTZ,SILESTONE,Level 3, $ 50.00 
Kettler Forlines,SILESTONE,Marengo ,KettlerForlinesMarengo,QUARTZ,SILESTONE,Level 3, $ 50.00 
Kettler Forlines,SILESTONE,White Storm ,KettlerForlinesWhiteStorm,QUARTZ,SILESTONE,Level 3, $ 50.00 
Kettler Forlines,SILESTONE,Blanco Maple ,KettlerForlinesBlancoMaple,QUARTZ,SILESTONE,Level 2, $ 38.00 
Kettler Forlines,SILESTONE,Grey Expo ,KettlerForlinesGreyExpo,QUARTZ,SILESTONE,Level 2, $ 38.00 
Kettler Forlines,SILESTONE,Alpina White ,KettlerForlinesAlpinaWhite,QUARTZ,SILESTONE,Level 4, $ 60.00 
Kettler Forlines,SILESTONE,Lagoon  ,KettlerForlinesLagoon,QUARTZ,SILESTONE,Level 4, $ 60.00 
Kettler Forlines,SILESTONE,Lyra ,KettlerForlinesLyra,QUARTZ,SILESTONE,Level 4, $ 60.00 
Kettler Forlines,SILESTONE,Sienna Ridge ,KettlerForlinesSiennaRidge,QUARTZ,SILESTONE,Level 4, $ 60.00 
Kettler Forlines,SILESTONE,Stellar Snow ,KettlerForlinesStellarSnow,QUARTZ,SILESTONE,Level 4, $ 60.00 
Kettler Forlines,SILESTONE,White Zeus ,KettlerForlinesWhiteZeus,QUARTZ,SILESTONE,Level 4, $ 60.00 
Kettler Forlines,MSI,Calacatta Classique ,KettlerForlinesCalacattaClassique,QUARTZ,MSI Quartzes,Level 4, $ 60.00 
KOCH HOMES,,GIBSON'S GRANT - Crema Caramel,KOCHHOMESGIBSON'SGRANT-CremaCaramel,GRANITE,Granite,Level 1, $ 38.00 
KOCH HOMES,,GIBSON'S GRANT - Giallo Ornamental,KOCHHOMESGIBSON'SGRANT-GialloOrnamental,GRANITE,Granite,Level 1, $ 38.00 
KOCH HOMES,,GIBSON'S GRANT - Luna Pearl,KOCHHOMESGIBSON'SGRANT-LunaPearl,GRANITE,Granite,Level 1, $ 38.00 
KOCH HOMES,,GIBSON'S GRANT - New Calendonia ,KOCHHOMESGIBSON'SGRANT-NewCalendonia,GRANITE,Granite,Level 1, $ 38.00 
KOCH HOMES,,GIBSON'S GRANT - New Venetian Gold,KOCHHOMESGIBSON'SGRANT-NewVenetianGold,GRANITE,Granite,Level 1, $ 38.00 
KOCH HOMES,,GIBSON'S GRANT - Sapphire Brown/Blue,KOCHHOMESGIBSON'SGRANT-SapphireBrown/Blue,GRANITE,Granite,Level 1, $ 38.00 
KOCH HOMES,,GIBSON'S GRANT - St Cecilia Classic,KOCHHOMESGIBSON'SGRANT-StCeciliaClassic,GRANITE,Granite,Level 1, $ 38.00 
KOCH HOMES,,GIBSON'S GRANT - Steel Grey,KOCHHOMESGIBSON'SGRANT-SteelGrey,GRANITE,Granite,Level 1, $ 38.00 
KOCH HOMES,,GIBSON'S GRANT - Tan Brown,KOCHHOMESGIBSON'SGRANT-TanBrown,GRANITE,Granite,Level 1, $ 38.00 
KOCH HOMES,,GIBSON'S GRANT - Ubatuba,KOCHHOMESGIBSON'SGRANT-Ubatuba,GRANITE,Granite,Level 1, $ 38.00 
KOCH HOMES,,GIBSON'S GRANT - Verde Peacock,KOCHHOMESGIBSON'SGRANT-VerdePeacock,GRANITE,Granite,Level 1, $ 38.00 
KOCH HOMES,,Absolute Black,KOCHHOMESAbsoluteBlack,GRANITE,Granite,Level 2, $ 45.00 
KOCH HOMES,,Blue Pearl,KOCHHOMESBluePearl,GRANITE,Granite,Level 2, $ 45.00 
KOCH HOMES,,Colonial White,KOCHHOMESColonialWhite,GRANITE,Granite,Level 2, $ 45.00 
KOCH HOMES,,Emeral Pearl,KOCHHOMESEmeralPearl,GRANITE,Granite,Level 2, $ 45.00 
KOCH HOMES,,Moon White,KOCHHOMESMoonWhite,GRANITE,Granite,Level 2, $ 45.00 
KOCH HOMES,,Solaris,KOCHHOMESSolaris,GRANITE,Granite,Level 2, $ 45.00 
KOCH HOMES,,African Rainbow,KOCHHOMESAfricanRainbow,GRANITE,Granite,Level 3, $ 55.00 
KOCH HOMES,,Mont Blanc,KOCHHOMESMontBlanc,GRANITE,Granite,Level 3, $ 55.00 
KOCH HOMES,,Crema Caramel,KOCHHOMESCremaCaramel,GRANITE,Granite,Level 1, $ 28.00 
KOCH HOMES,,Luna Pearl,KOCHHOMESLunaPearl,GRANITE,Granite,Level 1, $ 28.00 
KOCH HOMES,,St. Cecilia Light,KOCHHOMESSt.CeciliaLight,GRANITE,Granite,Level 1, $ 28.00 
KOCH HOMES,,Ubatuba,KOCHHOMESUbatuba,GRANITE,Granite,Level 1, $ 28.00 
KOCH HOMES,,Bianco Antico,KOCHHOMESBiancoAntico,GRANITE,Granite,Level 2, $ 45.00 
KOCH HOMES,,Black Galaxy,KOCHHOMESBlackGalaxy,GRANITE,Granite,Level 2, $ 45.00 
KOCH HOMES,,Ornamental White,KOCHHOMESOrnamentalWhite,GRANITE,Granite,Level 2, $ 45.00 
KOCH HOMES,,Royal Jade,KOCHHOMESRoyalJade,GRANITE,Granite,Level 2, $ 45.00 
KOCH HOMES,,Steel Gray,KOCHHOMESSteelGray,GRANITE,Granite,Level 2, $ 45.00 
KOCH HOMES,,Viscon White,KOCHHOMESVisconWhite,GRANITE,Granite,Level 2, $ 45.00 
KOCH HOMES,MSI,GIBSON'S GRANT - Iced Gray ,KOCHHOMESGIBSON'SGRANT-IcedGray,QUARTZ,MSI Quartzes,Level 1, $ 38.00 
KOCH HOMES,MSI,GIBSON'S GRANT - Iced White,KOCHHOMESGIBSON'SGRANT-IcedWhite,QUARTZ,MSI Quartzes,Level 1, $ 38.00 
KOCH HOMES,MSI,Artic White,KOCHHOMESArticWhite,QUARTZ,MSI Quartzes,Level 2, $ 45.00 
KOCH HOMES,MSI,Iced Gray,KOCHHOMESIcedGray,QUARTZ,MSI Quartzes,Level 1, $ 28.00 
KOCH HOMES,MSI,Iced White,KOCHHOMESIcedWhite,QUARTZ,MSI Quartzes,Level 1, $ 28.00 
KOCH HOMES,MSI,Arctic White,KOCHHOMESArcticWhite,QUARTZ,MSI Quartzes,Level 2, $ 45.00 
KOCH HOMES,MSI,Carrara Marmi,KOCHHOMESCarraraMarmi,QUARTZ,MSI Quartzes,Level 2, $ 45.00 
KOCH HOMES,MSI,Carrara Mist,KOCHHOMESCarraraMist,QUARTZ,MSI Quartzes,Level 2, $ 45.00 
KOCH HOMES,MSI,Fossil Gray,KOCHHOMESFossilGray,QUARTZ,MSI Quartzes,Level 2, $ 45.00 
KOCH HOMES,MSI,Sahara Beige,KOCHHOMESSaharaBeige,QUARTZ,MSI Quartzes,Level 2, $ 45.00 
KOCH HOMES,MSI,Sparkling Black,KOCHHOMESSparklingBlack,QUARTZ,MSI Quartzes,Level 2, $ 45.00 
KOCH HOMES,MSI,Sparkling White,KOCHHOMESSparklingWhite,QUARTZ,MSI Quartzes,Level 2, $ 45.00 
Lennar,,Dallas White - Level 1,LennarDallasWhite-Level1,GRANITE,Granite,Level 1, $ 27.00 
Lennar,,Brown Fantasy,LennarBrownFantasy,GRANITE,Granite,Level 2, $ 27.00 
Lennar,,Butterfly Beige,LennarButterflyBeige,GRANITE,Granite,Level 2, $ 27.00 
Lennar,,Dallas White - Level 2,LennarDallasWhite-Level2,GRANITE,Granite,Level 2, $ 27.00 
Lennar,,Colonial White,LennarColonialWhite,GRANITE,Granite,Level 3, $ 36.50 
Lennar,,St. Cecilia Gold,LennarSt.CeciliaGold,GRANITE,Granite,Level 3, $ 36.50 
Lennar,,White Ice,LennarWhiteIce,GRANITE,Granite,Level 3, $ 36.50 
NVR- Ryan Homes,,Crema Caramel,NVR-RyanHomesCremaCaramel,GRANITE,Granite,Level 1, $ 23.00 
NVR- Ryan Homes,,Luna Pearl,NVR-RyanHomesLunaPearl,GRANITE,Granite,Level 1, $ 23.00 
NVR- Ryan Homes,,New Caledonia ,NVR-RyanHomesNewCaledonia,GRANITE,Granite,Level 1, $ 23.00 
NVR- Ryan Homes,MSI,Frost White,NVR-RyanHomesFrostWhite,QUARTZ,MSI Quartzes,Level 1, $ 28.00 
NVR- Ryan Homes,MSI,Iced White,NVR-RyanHomesIcedWhite,QUARTZ,MSI Quartzes,Level 1, $ 28.00 
NVR- Ryan Homes,MSI,Carrara Marmi  ,NVR-RyanHomesCarraraMarmi,QUARTZ,MSI Quartzes,Level 2, $ 38.00 
NVR- Ryan Homes,MSI,Carrara Mist  ,NVR-RyanHomesCarraraMist,QUARTZ,MSI Quartzes,Level 2, $ 38.00 
NVR- Ryan Homes,MSI,Shell White,NVR-RyanHomesShellWhite,QUARTZ,MSI Quartzes,Level 2, $ 38.00 
NVR- Ryan Homes,MSI,Calacatta Classique,NVR-RyanHomesCalacattaClassique,QUARTZ,MSI Quartzes,Level 3, $ 48.00 
Pegasus,,Luna Pearl,PegasusLunaPearl,GRANITE,Granite,Level 1, $ 25.00 
POWERS HOMES,,Crema Caramel,POWERSHOMESCremaCaramel,GRANITE,Granite,Level 1, $ 26.00 
POWERS HOMES,,Luna Pearl,POWERSHOMESLunaPearl,GRANITE,Granite,Level 1, $ 26.00 
POWERS HOMES,,Tan Brown,POWERSHOMESTanBrown,GRANITE,Granite,Level 1, $ 26.00 
POWERS HOMES,,Ubatuba,POWERSHOMESUbatuba,GRANITE,Granite,Level 1, $ 26.00 
POWERS HOMES,,Azul Platino,POWERSHOMESAzulPlatino,GRANITE,Granite,Level 2, $ 33.00 
POWERS HOMES,,Bianco Primata,POWERSHOMESBiancoPrimata,GRANITE,Granite,Level 2, $ 33.00 
POWERS HOMES,,Dallas White,POWERSHOMESDallasWhite,GRANITE,Granite,Level 2, $ 33.00 
POWERS HOMES,,Moon White,POWERSHOMESMoonWhite,GRANITE,Granite,Level 2, $ 33.00 
POWERS HOMES,,New Venetian Gold,POWERSHOMESNewVenetianGold,GRANITE,Granite,Level 2, $ 33.00 
POWERS HOMES,,Absolute Black,POWERSHOMESAbsoluteBlack,GRANITE,Granite,Level 3, $ 43.00 
POWERS HOMES,,Black Galaxy,POWERSHOMESBlackGalaxy,GRANITE,Granite,Level 3, $ 43.00 
POWERS HOMES,,Blue Pearl GT,POWERSHOMESBluePearlGT,GRANITE,Granite,Level 3, $ 43.00 
POWERS HOMES,,Royal Jade,POWERSHOMESRoyalJade,GRANITE,Granite,Level 3, $ 43.00 
POWERS HOMES,,Viscon White,POWERSHOMESVisconWhite,GRANITE,Granite,Level 3, $ 43.00 
POWERS HOMES,MSI,Desert Bloom,POWERSHOMESDesertBloom,QUARTZ,MSI Quartzes,Level 1, $ 33.00 
POWERS HOMES,MSI,Frost White,POWERSHOMESFrostWhite,QUARTZ,MSI Quartzes,Level 1, $ 33.00 
POWERS HOMES,MSI,Iced White,POWERSHOMESIcedWhite,QUARTZ,MSI Quartzes,Level 1, $ 33.00 
POWERS HOMES,MSI,Artic White,POWERSHOMESArticWhite,QUARTZ,MSI Quartzes,Level 2, $ 43.00 
POWERS HOMES,MSI,Carrara Marmi,POWERSHOMESCarraraMarmi,QUARTZ,MSI Quartzes,Level 2, $ 43.00 
POWERS HOMES,MSI,Carrara Mist,POWERSHOMESCarraraMist,QUARTZ,MSI Quartzes,Level 2, $ 43.00 
POWERS HOMES,MSI,Carrara Morro,POWERSHOMESCarraraMorro,QUARTZ,MSI Quartzes,Level 2, $ 43.00 
POWERS HOMES,MSI,Sparkling White,POWERSHOMESSparklingWhite,QUARTZ,MSI Quartzes,Level 2, $ 43.00 
POWERS HOMES,MSI,Toasted Almond,POWERSHOMESToastedAlmond,QUARTZ,MSI Quartzes,Level 2, $ 43.00 
POWERS HOMES,MSI,Calacatta Classique,POWERSHOMESCalacattaClassique,QUARTZ,MSI Quartzes,Level 3, $ 56.00 
Procopio Homes,,LUNA PEARL,ProcopioHomesLUNAPEARL,GRANITE,Granite,Level 1, $ 29.00 
Procopio Homes,,NEW CALEDONIA,ProcopioHomesNEWCALEDONIA,GRANITE,Granite,Level 1, $ 29.00 
Procopio Homes,,UBATUBA,ProcopioHomesUBATUBA,GRANITE,Granite,Level 1, $ 29.00 
Procopio Homes,,NEW VENETIAN GOLD,ProcopioHomesNEWVENETIANGOLD,GRANITE,Granite,Level 2, $ 35.00 
Procopio Homes,,SANTA CECILIA LIGHT,ProcopioHomesSANTACECILIALIGHT,GRANITE,Granite,Level 2, $ 35.00 
Procopio Homes,,SAPPHIRE BLUE,ProcopioHomesSAPPHIREBLUE,GRANITE,Granite,Level 2, $ 35.00 
Procopio Homes,,STEEL GREY,ProcopioHomesSTEELGREY,GRANITE,Granite,Level 2, $ 35.00 
Procopio Homes,,VISCON WHITE,ProcopioHomesVISCONWHITE,GRANITE,Granite,Level 2, $ 35.00 
Procopio Homes,,BLACK PREMIUM,ProcopioHomesBLACKPREMIUM,GRANITE,Granite,Level 3, $ 42.00 
Procopio Homes,,BLUE PEARL,ProcopioHomesBLUEPEARL,GRANITE,Granite,Level 3, $ 42.00 
Procopio Homes,,COLONIAL WHITE,ProcopioHomesCOLONIALWHITE,GRANITE,Granite,Level 3, $ 42.00 
Procopio Homes,,GIALLO VENEZIANO,ProcopioHomesGIALLOVENEZIANO,GRANITE,Granite,Level 3, $ 42.00 
Procopio Homes,,MOON WHITE,ProcopioHomesMOONWHITE,GRANITE,Granite,Level 3, $ 42.00 
Procopio Homes,,ROYAL JADE,ProcopioHomesROYALJADE,GRANITE,Granite,Level 3, $ 42.00 
Procopio Homes,,VOLGA BLUE,ProcopioHomesVOLGABLUE,GRANITE,Granite,Level 3, $ 42.00 
Procopio Homes,,Customer selected at Warehouse - Level 4,ProcopioHomesCustomerselectedatWarehouse-Level4,GRANITE,Granite,Level 4, $ 50.00 
Procopio Homes,,Customer selected at Warehouse - Level 5,ProcopioHomesCustomerselectedatWarehouse-Level5,GRANITE,Granite,Level 5, $ 65.00 
Procopio Homes,SILESTONE,BLANCO MAPLE,ProcopioHomesBLANCOMAPLE,QUARTZ,SILESTONE,Level 1, $ 35.00 
Procopio Homes,SILESTONE,GREY EXPO,ProcopioHomesGREYEXPO,QUARTZ,SILESTONE,Level 1, $ 35.00 
Procopio Homes,SILESTONE,ALTAIR 15,ProcopioHomesALTAIR15,QUARTZ,SILESTONE,Level 2, $ 42.00 
Procopio Homes,SILESTONE,CORAL CLAY,ProcopioHomesCORALCLAY,QUARTZ,SILESTONE,Level 2, $ 42.00 
Procopio Homes,SILESTONE,IRON BARK,ProcopioHomesIRONBARK,QUARTZ,SILESTONE,Level 2, $ 42.00 
Procopio Homes,SILESTONE,MARENGO,ProcopioHomesMARENGO,QUARTZ,SILESTONE,Level 2, $ 42.00 
Procopio Homes,SILESTONE,WHITE STORM,ProcopioHomesWHITESTORM,QUARTZ,SILESTONE,Level 2, $ 42.00 
Procopio Homes,SILESTONE,ALPINA WHITE,ProcopioHomesALPINAWHITE,QUARTZ,SILESTONE,Level 3, $ 50.00 
Procopio Homes,SILESTONE,ASPEN CALACATTA CL,ProcopioHomesASPENCALACATTACL,QUARTZ,SILESTONE,Level 3, $ 50.00 
Procopio Homes,SILESTONE,LAGOON,ProcopioHomesLAGOON,QUARTZ,SILESTONE,Level 3, $ 50.00 
Procopio Homes,SILESTONE,LYRA,ProcopioHomesLYRA,QUARTZ,SILESTONE,Level 3, $ 50.00 
Procopio Homes,SILESTONE,SIENNA RIDGE,ProcopioHomesSIENNARIDGE,QUARTZ,SILESTONE,Level 3, $ 50.00 
Procopio Homes,SILESTONE,STELLAR SNOW,ProcopioHomesSTELLARSNOW,QUARTZ,SILESTONE,Level 3, $ 50.00 
Procopio Homes,SILESTONE,WHITE ZEUS,ProcopioHomesWHITEZEUS,QUARTZ,SILESTONE,Level 3, $ 50.00 
Pulte MADC,,Ubatuba,PulteMADCUbatuba,GRANITE,Granite,Level 1, $ 22.00 
Pulte MADC,,White (Luna) Pearl,PulteMADCWhite(Luna)Pearl,GRANITE,Granite,Level 1, $ 22.00 
Pulte MADC,,New Caledonia,PulteMADCNewCaledonia,GRANITE,Granite,Level 2, $ 27.00 
Pulte MADC,,Santa Cecilia Light,PulteMADCSantaCeciliaLight,GRANITE,Granite,Level 2, $ 27.00 
Pulte MADC,,Dallas White,PulteMADCDallasWhite,GRANITE,Granite,Level 3, $ 34.25 
Pulte MADC,,Steel Gray,PulteMADCSteelGray,GRANITE,Granite,Level 3, $ 34.25 
Pulte MADC,,Absolute Black,PulteMADCAbsoluteBlack,GRANITE,Granite,Level 4, $ 39.50 
Pulte MADC,,Giallo Ornamental,PulteMADCGialloOrnamental,GRANITE,Granite,Level 4, $ 39.50 
Pulte MADC,,Bianco Antico,PulteMADCBiancoAntico,GRANITE,Granite,Level 5, $ 48.50 
Pulte MADC,,Blue Pearl,PulteMADCBluePearl,GRANITE,Granite,Level 5, $ 48.50 
Pulte MADC,MSI,Bayshore Sand ,PulteMADCBayshoreSand,QUARTZ,MSI Quartzes,Level 1, $ 27.00 
Pulte MADC,MSI,Frost White ,PulteMADCFrostWhite,QUARTZ,MSI Quartzes,Level 1, $ 27.00 
Pulte MADC,MSI,Desert Bloom ,PulteMADCDesertBloom,QUARTZ,MSI Quartzes,Level 2, $ 34.25 
Pulte MADC,MSI,Iced White ,PulteMADCIcedWhite,QUARTZ,MSI Quartzes,Level 2, $ 34.25 
Pulte MADC,MSI,Meridian Grey ,PulteMADCMeridianGrey,QUARTZ,MSI Quartzes,Level 2, $ 34.25 
Pulte MADC,MSI,Arctic White,PulteMADCArcticWhite,QUARTZ,MSI Quartzes,Level 3, $ 39.50 
Pulte MADC,MSI,Carrara Marmi ,PulteMADCCarraraMarmi,QUARTZ,MSI Quartzes,Level 3, $ 39.50 
Pulte MADC,MSI,Stellar Gray ,PulteMADCStellarGray,QUARTZ,MSI Quartzes,Level 3, $ 39.50 
Pulte MADC,MSI,Babylon Gray Concrete ,PulteMADCBabylonGrayConcrete,QUARTZ,MSI Quartzes,Level 4, $ 48.50 
Pulte MADC,MSI,Calacatta Vicenza ,PulteMADCCalacattaVicenza,QUARTZ,MSI Quartzes,Level 4, $ 48.50 
Pulte MADC,MSI,Fossil Grey ,PulteMADCFossilGrey,QUARTZ,MSI Quartzes,Level 4, $ 48.50 
Pulte MADC,MSI,Grey Lagoon ,PulteMADCGreyLagoon,QUARTZ,MSI Quartzes,Level 4, $ 48.50 
Pulte MADC,,Salinas White ,PulteMADCSalinasWhite,GRANITE,Granite,Level 4, $ 39.50 
Pulte NEC,,Crema Caramel,PulteNECCremaCaramel,GRANITE,Granite,Level 1, $ 22.00 
Pulte NEC,,White (Luna) Pearl,PulteNECWhite(Luna)Pearl,GRANITE,Granite,Level 1, $ 22.00 
Pulte NEC,,Azul Platino,PulteNECAzulPlatino,GRANITE,Granite,Level 2, $ 31.00 
Pulte NEC,,Moonlight White (Moon),PulteNECMoonlightWhite(Moon),GRANITE,Granite,Level 2, $ 31.00 
Pulte NEC,,Sapphire Blue,PulteNECSapphireBlue,GRANITE,Granite,Level 2, $ 31.00 
Pulte NEC,,Ubatuba,PulteNECUbatuba,GRANITE,Granite,Level 2, $ 31.00 
Pulte NEC,,Andromeda White,PulteNECAndromedaWhite,GRANITE,Granite,Level 3, $ 42.50 
Pulte NEC,,Bianco Antico ,PulteNECBiancoAntico,GRANITE,Granite,Level 3, $ 42.50 
Pulte NEC,,Bianco Primata,PulteNECBiancoPrimata,GRANITE,Granite,Level 3, $ 42.50 
Pulte NEC,,Black Premium,PulteNECBlackPremium,GRANITE,Granite,Level 3, $ 42.50 
Pulte NEC,,Colonial Gold,PulteNECColonialGold,GRANITE,Granite,Level 3, $ 42.50 
Pulte NEC,,Colonial White,PulteNECColonialWhite,GRANITE,Granite,Level 3, $ 42.50 
Pulte NEC,,Giallo Napolean,PulteNECGialloNapolean,GRANITE,Granite,Level 3, $ 42.50 
Pulte NEC,,Salinas White,PulteNECSalinasWhite,GRANITE,Granite,Level 3, $ 42.50 
Pulte NEC,MSI,Desert Bloom ,PulteNECDesertBloom,QUARTZ,MSI Quartzes,Level 1, $ 31.00 
Pulte NEC,MSI,Iced White,PulteNECIcedWhite,QUARTZ,MSI Quartzes,Level 1, $ 31.00 
Pulte NEC,MSI,Pebble Rock ,PulteNECPebbleRock,QUARTZ,MSI Quartzes,Level 1, $ 31.00 
Pulte NEC,MSI,Snow White,PulteNECSnowWhite,QUARTZ,MSI Quartzes,Level 1, $ 31.00 
Pulte NEC,MSI,Artic White,PulteNECArticWhite,QUARTZ,MSI Quartzes,Level 2, $ 42.50 
Pulte NEC,MSI,Carrara Marmi,PulteNECCarraraMarmi,QUARTZ,MSI Quartzes,Level 2, $ 42.50 
Pulte NEC,MSI,Carrara Mist,PulteNECCarraraMist,QUARTZ,MSI Quartzes,Level 2, $ 42.50 
Pulte NEC,MSI,Fossil Gray,PulteNECFossilGray,QUARTZ,MSI Quartzes,Level 2, $ 42.50 
Pulte NEC,MSI,Peppercorn White,PulteNECPeppercornWhite,QUARTZ,MSI Quartzes,Level 2, $ 42.50 
Pulte NEC,MSI,Sparkling Black ,PulteNECSparklingBlack,QUARTZ,MSI Quartzes,Level 2, $ 42.50 
Pulte NEC,MSI,Sparkling White,PulteNECSparklingWhite,QUARTZ,MSI Quartzes,Level 2, $ 42.50 
Pulte NEC,MSI,Toasted Almond,PulteNECToastedAlmond,QUARTZ,MSI Quartzes,Level 2, $ 42.50 
Pulte NEC,MSI,Blanco Arabescato,PulteNECBlancoArabescato,QUARTZ,MSI Quartzes,Level 3, $ 54.00 
Pulte NEC,MSI,Calacatta Alto,PulteNECCalacattaAlto,QUARTZ,MSI Quartzes,Level 3, $ 54.00 
Pulte NEC,MSI,Calacatta Classique,PulteNECCalacattaClassique,QUARTZ,MSI Quartzes,Level 3, $ 54.00 
Pulte NEC,MSI,Fairy White,PulteNECFairyWhite,QUARTZ,MSI Quartzes,Level 3, $ 54.00 
Pulte NEC,MSI,Gray Lagoon,PulteNECGrayLagoon,QUARTZ,MSI Quartzes,Level 3, $ 54.00 
Pulte NEC,MSI,Soapstone Metropolis,PulteNECSoapstoneMetropolis,QUARTZ,MSI Quartzes,Level 3, $ 54.00 
Rachuba Group,,Bainbrook Brown,RachubaGroupBainbrookBrown,GRANITE,Granite,Level 1, $ 30.00 
Rachuba Group,,Luna Pearl,RachubaGroupLunaPearl,GRANITE,Granite,Level 1, $ 30.00 
Rachuba Group,,New Caledonia,RachubaGroupNewCaledonia,GRANITE,Granite,Level 1, $ 30.00 
Rachuba Group,,Santa Cecilia Light,RachubaGroupSantaCeciliaLight,GRANITE,Granite,Level 2, $ 36.00 
Rachuba Group,,Sapphire Brown,RachubaGroupSapphireBrown,GRANITE,Granite,Level 2, $ 36.00 
Rachuba Group,,Steel Gray,RachubaGroupSteelGray,GRANITE,Granite,Level 2, $ 36.00 
Rachuba Group,,Sylvestre Gray,RachubaGroupSylvestreGray,GRANITE,Granite,Level 2, $ 36.00 
Rachuba Group,,Ubatuba,RachubaGroupUbatuba,GRANITE,Granite,Level 2, $ 36.00 
Rachuba Group,,Viscon White,RachubaGroupVisconWhite,GRANITE,Granite,Level 2, $ 36.00 
Rachuba Group,,Blue Pearl,RachubaGroupBluePearl,GRANITE,Granite,Level 3, $ 43.00 
Rachuba Group,,Colonial White,RachubaGroupColonialWhite,GRANITE,Granite,Level 3, $ 43.00 
Rachuba Group,,Giallo Napolean,RachubaGroupGialloNapolean,GRANITE,Granite,Level 3, $ 43.00 
Rachuba Group,,Royal Jade,RachubaGroupRoyalJade,GRANITE,Granite,Level 3, $ 43.00 
Rachuba Group,,African Rainbow,RachubaGroupAfricanRainbow,GRANITE,Granite,Level 4, $ 54.00 
Rachuba Group,,Bianco Antico,RachubaGroupBiancoAntico,GRANITE,Granite,Level 4, $ 54.00 
Rachuba Group,,Black Galaxy,RachubaGroupBlackGalaxy,GRANITE,Granite,Level 4, $ 54.00 
Rachuba Group,,White Ice,RachubaGroupWhiteIce,GRANITE,Granite,Level 4, $ 54.00 
Rachuba Group,,White Springs,RachubaGroupWhiteSprings,GRANITE,Granite,Level 4, $ 54.00 
Rachuba Group,SILESTONE,Blanco Maple,RachubaGroupBlancoMaple,QUARTZ,SILESTONE,Level 1, $ 36.00 
Rachuba Group,SILESTONE,Grey Expo,RachubaGroupGreyExpo,QUARTZ,SILESTONE,Level 1, $ 36.00 
Rachuba Group,SILESTONE,Altair 15,RachubaGroupAltair15,QUARTZ,SILESTONE,Level 2, $ 43.00 
Rachuba Group,SILESTONE,Coral Clay,RachubaGroupCoralClay,QUARTZ,SILESTONE,Level 2, $ 43.00 
Rachuba Group,SILESTONE,Ironbark,RachubaGroupIronbark,QUARTZ,SILESTONE,Level 2, $ 43.00 
Rachuba Group,SILESTONE,Marengo,RachubaGroupMarengo,QUARTZ,SILESTONE,Level 2, $ 43.00 
Rachuba Group,SILESTONE,White Storm,RachubaGroupWhiteStorm,QUARTZ,SILESTONE,Level 2, $ 43.00 
Rachuba Group,SILESTONE,Alpina White,RachubaGroupAlpinaWhite,QUARTZ,SILESTONE,Level 3, $ 54.00 
Rachuba Group,SILESTONE,Aspen Calacatta Class.,RachubaGroupAspenCalacattaClass.,QUARTZ,SILESTONE,Level 3, $ 54.00 
Rachuba Group,SILESTONE,Lagoon ,RachubaGroupLagoon,QUARTZ,SILESTONE,Level 3, $ 54.00 
Rachuba Group,SILESTONE,Lyra,RachubaGroupLyra,QUARTZ,SILESTONE,Level 3, $ 54.00 
Rachuba Group,SILESTONE,Sienna Ridge,RachubaGroupSiennaRidge,QUARTZ,SILESTONE,Level 3, $ 54.00 
Rachuba Group,SILESTONE,Stellar Snow,RachubaGroupStellarSnow,QUARTZ,SILESTONE,Level 3, $ 54.00 
Stanley Martin,,Luna Pearl ,StanleyMartinLunaPearl,GRANITE,Granite,Level 1, $ 22.00 
Stanley Martin,,Rosa Beta,StanleyMartinRosaBeta,GRANITE,Granite,Level 1, $ 22.00 
Stanley Martin,,St Cecilia Light,StanleyMartinStCeciliaLight,GRANITE,Granite,Level 1, $ 22.00 
Stanley Martin,,Ubatuba,StanleyMartinUbatuba,GRANITE,Granite,Level 1, $ 22.00 
Stanley Martin,,Bianco San Francisco,StanleyMartinBiancoSanFrancisco,GRANITE,Granite,Level 2, $ 29.00 
Stanley Martin,,Giallo Ornamental,StanleyMartinGialloOrnamental,GRANITE,Granite,Level 2, $ 29.00 
Stanley Martin,,New Caledonia,StanleyMartinNewCaledonia,GRANITE,Granite,Level 2, $ 29.00 
Stanley Martin,,Steel Grey,StanleyMartinSteelGrey,GRANITE,Granite,Level 2, $ 29.00 
Stanley Martin,,Absolute Black,StanleyMartinAbsoluteBlack,GRANITE,Granite,Level 3, $ 36.00 
Stanley Martin,,Black Pearl Leathered,StanleyMartinBlackPearlLeathered,GRANITE,Granite,Level 3, $ 36.00 
Stanley Martin,,Delicatus White,StanleyMartinDelicatusWhite,GRANITE,Granite,Level 3, $ 36.00 
Stanley Martin,,Fantasy Brown Marble,StanleyMartinFantasyBrownMarble,GRANITE,Granite,Level 3, $ 36.00 
Stanley Martin,,Alaska White,StanleyMartinAlaskaWhite,GRANITE,Granite,Level 4, $ 45.00 
Stanley Martin,,Bianco Antico,StanleyMartinBiancoAntico,GRANITE,Granite,Level 4, $ 45.00 
Stanley Martin,,White Springs,StanleyMartinWhiteSprings,GRANITE,Granite,Level 4, $ 45.00 
Stanley Martin,MSI,Frost White,StanleyMartinFrostWhite,QUARTZ,MSI Quartzes,Level 1, $ 22.00 
Stanley Martin,MSI,Snow White,StanleyMartinSnowWhite,QUARTZ,MSI Quartzes,Level 1, $ 22.00 
Stanley Martin,MSI,Bayshore Sand,StanleyMartinBayshoreSand,QUARTZ,MSI Quartzes,Level 2, $ 29.00 
Stanley Martin,MSI,Iced White,StanleyMartinIcedWhite,QUARTZ,MSI Quartzes,Level 2, $ 29.00 
Stanley Martin,MSI,Pebble Rock,StanleyMartinPebbleRock,QUARTZ,MSI Quartzes,Level 2, $ 29.00 
Stanley Martin,MSI,Artic White,StanleyMartinArticWhite,QUARTZ,MSI Quartzes,Level 3, $ 36.00 
Stanley Martin,MSI,Ash Gray,StanleyMartinAshGray,QUARTZ,MSI Quartzes,Level 3, $ 36.00 
Stanley Martin,MSI,Carrara Marmi,StanleyMartinCarraraMarmi,QUARTZ,MSI Quartzes,Level 3, $ 36.00 
Stanley Martin,MSI,Meridian Gray,StanleyMartinMeridianGray,QUARTZ,MSI Quartzes,Level 3, $ 36.00 
Stanley Martin,MSI,Alpine,StanleyMartinAlpine,QUARTZ,MSI Quartzes,Level 4, $ 45.00 
Stanley Martin,MSI,Babylon Gray,StanleyMartinBabylonGray,QUARTZ,MSI Quartzes,Level 4, $ 45.00 
Stanley Martin,MSI,Babylon Gray Concrete,StanleyMartinBabylonGrayConcrete,QUARTZ,MSI Quartzes,Level 4, $ 45.00 
Stanley Martin,MSI,Calacatta Vicenza,StanleyMartinCalacattaVicenza,QUARTZ,MSI Quartzes,Level 4, $ 45.00 
Stanley Martin,MSI,Carrara Caldia,StanleyMartinCarraraCaldia,QUARTZ,MSI Quartzes,Level 4, $ 45.00 
Stanley Martin,MSI,Carrara Grigio,StanleyMartinCarraraGrigio,QUARTZ,MSI Quartzes,Level 4, $ 45.00 
Stanley Martin,MSI,Concerto,StanleyMartinConcerto,QUARTZ,MSI Quartzes,Level 4, $ 45.00 
Stanley Martin,MSI,Peppercorn White,StanleyMartinPeppercornWhite,QUARTZ,MSI Quartzes,Level 4, $ 45.00 
Stanley Martin,MSI,Shadow Gray,StanleyMartinShadowGray,QUARTZ,MSI Quartzes,Level 4, $ 45.00 
Triumph,,Crema Caramel,TriumphCremaCaramel,GRANITE,Granite,Level 1, $ 28.00 
Triumph,,Luna Pearl,TriumphLunaPearl,GRANITE,Granite,Level 1, $ 28.00 
Triumph,,Ubatuba,TriumphUbatuba,GRANITE,Granite,Level 1, $ 28.00 
Triumph,,Azul Platino,TriumphAzulPlatino,GRANITE,Granite,Level 2, $ 36.00 
Triumph,,Bianco Primata,TriumphBiancoPrimata,GRANITE,Granite,Level 2, $ 36.00 
Triumph,,New Venetian Gold,TriumphNewVenetianGold,GRANITE,Granite,Level 2, $ 36.00 
Triumph,,Viscon White,TriumphVisconWhite,GRANITE,Granite,Level 2, $ 36.00 
Triumph,,White Ornamental,TriumphWhiteOrnamental,GRANITE,Granite,Level 2, $ 36.00 
Triumph,,Absolute Black,TriumphAbsoluteBlack,GRANITE,Granite,Level 3, $ 43.00 
Triumph,,Blue Pearl,TriumphBluePearl,GRANITE,Granite,Level 3, $ 43.00 
Triumph,,Colonial White,TriumphColonialWhite,GRANITE,Granite,Level 3, $ 43.00 
Triumph,,Royal Jade,TriumphRoyalJade,GRANITE,Granite,Level 3, $ 43.00 
Triumph,,African Rainbow,TriumphAfricanRainbow,GRANITE,Granite,Level 4, $ 50.00 
Triumph,,Bianco Antico,TriumphBiancoAntico,GRANITE,Granite,Level 4, $ 50.00 
Triumph,,Black Galaxy ,TriumphBlackGalaxy,GRANITE,Granite,Level 4, $ 50.00 
Triumph,,Emerald Pearl,TriumphEmeraldPearl,GRANITE,Granite,Level 4, $ 50.00 
Triumph,,Fantasy Brown,TriumphFantasyBrown,GRANITE,Granite,Level 4, $ 50.00 
Triumph,,White Ice,TriumphWhiteIce,GRANITE,Granite,Level 4, $ 50.00 
Triumph,MSI,Iced White,TriumphIcedWhite,QUARTZ,MSI Quartzes,Level 1, $ 28.00 
Triumph,MSI,Fossil Gray,TriumphFossilGray,QUARTZ,MSI Quartzes,Level 2, $ 36.00 
Triumph,MSI,Pebble Rock,TriumphPebbleRock,QUARTZ,MSI Quartzes,Level 2, $ 36.00 
Triumph,MSI,Snow White,TriumphSnowWhite,QUARTZ,MSI Quartzes,Level 2, $ 36.00 
Triumph,MSI,Sparkling Black,TriumphSparklingBlack,QUARTZ,MSI Quartzes,Level 2, $ 36.00 
Triumph,MSI,Sparkling White,TriumphSparklingWhite,QUARTZ,MSI Quartzes,Level 2, $ 36.00 
Triumph,MSI,Arctic White,TriumphArcticWhite,QUARTZ,MSI Quartzes,Level 3, $ 43.00 
Triumph,MSI,Carrara Marmi,TriumphCarraraMarmi,QUARTZ,MSI Quartzes,Level 3, $ 43.00 
Triumph,MSI,Carrara Mist,TriumphCarraraMist,QUARTZ,MSI Quartzes,Level 3, $ 43.00 
Triumph,MSI,Peppercorn White,TriumphPeppercornWhite,QUARTZ,MSI Quartzes,Level 3, $ 43.00 
Triumph,MSI,Toasted Almond,TriumphToastedAlmond,QUARTZ,MSI Quartzes,Level 3, $ 43.00 
Triumph,MSI,Carrara Grigio,TriumphCarraraGrigio,QUARTZ,MSI Quartzes,Level 4, $ 50.00 
Triumph,MSI,Concerto,TriumphConcerto,QUARTZ,MSI Quartzes,Level 4, $ 50.00 
Triumph,MSI,Mont Clair White,TriumphMontClairWhite,QUARTZ,MSI Quartzes,Level 4, $ 50.00 
Triumph,MSI,Sahara Beige,TriumphSaharaBeige,QUARTZ,MSI Quartzes,Level 4, $ 50.00 
Triumph,MSI,Blanca Arabescato,TriumphBlancaArabescato,QUARTZ,MSI Quartzes,Level 5, $ 59.00 
Triumph,MSI,Calacatta Alto,TriumphCalacattaAlto,QUARTZ,MSI Quartzes,Level 5, $ 59.00 
Triumph,MSI,Calacatta Classique,TriumphCalacattaClassique,QUARTZ,MSI Quartzes,Level 5, $ 59.00 
Triumph,MSI,Calacatta Vicenza,TriumphCalacattaVicenza,QUARTZ,MSI Quartzes,Level 5, $ 59.00 
Triumph,MSI,Gray Lagoon,TriumphGrayLagoon,QUARTZ,MSI Quartzes,Level 5, $ 59.00 
Triumph,MSI,Soapstone Metropolis,TriumphSoapstoneMetropolis,QUARTZ,MSI Quartzes,Level 5, $ 59.00 
HD,,Jet Black ,HDJetBlack,QUARTZ,Caesarstone,Group A, $ 61.00 
HD,,Atlantic Salt,HDAtlanticSalt,QUARTZ,Caesarstone,Group B, $ 69.00 
HD,,Coastal Grey,HDCoastalGrey,QUARTZ,Caesarstone,Group C, $ 77.00 
HD,,Moorland Fog,HDMoorlandFog,QUARTZ,Caesarstone,Group C, $ 77.00 
HD,,Taj Royale,HDTajRoyale,QUARTZ,Caesarstone,Group C, $ 77.00 
HD,,Airy Concrete - Group C,HDAiryConcrete-GroupC,QUARTZ,Caesarstone,Group C, $ 77.00 
HD,,Alpine Mist - Group C,HDAlpineMist-GroupC,QUARTZ,Caesarstone,Group C, $ 77.00 
HD,,Noble Grey - Group C,HDNobleGrey-GroupC,QUARTZ,Caesarstone,Group C, $ 77.00 
HD,,Rugged Concrete - Group C,HDRuggedConcrete-GroupC,QUARTZ,Caesarstone,Group C, $ 77.00 
HD,,White Attica - Group C,HDWhiteAttica-GroupC,QUARTZ,Caesarstone,Group C, $ 77.00 
HD,,Airy Concrete - Group D,HDAiryConcrete-GroupD,QUARTZ,Caesarstone,Group D, $ 85.00 
HD,,Alpine Mist - Group D,HDAlpineMist-GroupD,QUARTZ,Caesarstone,Group D, $ 85.00 
HD,,Noble Grey - Group D,HDNobleGrey-GroupD,QUARTZ,Caesarstone,Group D, $ 85.00 
HD,,Rugged Concrete - Group D,HDRuggedConcrete-GroupD,QUARTZ,Caesarstone,Group D, $ 85.00 
HD,,White Attica - Group D,HDWhiteAttica-GroupD,QUARTZ,Caesarstone,Group D, $ 85.00 
HD,,Calacaata Nuvo,HDCalacaataNuvo,QUARTZ,Caesarstone,Group E, $ 93.00 
HD,,Empira White,HDEmpiraWhite,QUARTZ,Caesarstone,Group E, $ 93.00 
HD,,Statuario Nuvo,HDStatuarioNuvo,QUARTZ,Caesarstone,Group E, $ 93.00 
HD,,Brookvale,HDBrookvale,QUARTZ,Cambria ,Group A, $ 93.00 
HD,,Hawkridge,HDHawkridge,QUARTZ,Cambria ,Group A, $ 93.00 
HD,,Risegate,HDRisegate,QUARTZ,Cambria ,Group A, $ 93.00 
HD,,Trafalgar,HDTrafalgar,QUARTZ,Cambria ,Group A, $ 93.00 
HD,,Warwick,HDWarwick,QUARTZ,Cambria ,Group A, $ 93.00 
HD,,Bellwater,HDBellwater,QUARTZ,Cambria ,Group B, $ 101.00 
HD,,Nadenbrook,HDNadenbrook,QUARTZ,Cambria ,Group B, $ 101.00 
HD,,Travella,HDTravella,QUARTZ,Cambria ,Group B, $ 101.00 
HD,,Chatsworth,HDChatsworth,QUARTZ,Cambria ,Group B, $ 101.00 
HD,,Seacourt,HDSeacourt,QUARTZ,Cambria ,Group B, $ 101.00 
HD,,Sherwood,HDSherwood,QUARTZ,Cambria ,Group B, $ 101.00 
HD,,Summerbrook,HDSummerbrook,QUARTZ,Cambria ,Group B, $ 101.00 
HD,,Ashbourne Matte,HDAshbourneMatte,QUARTZ,Cambria ,Group B, $ 101.00 
HD,,Dovestone,HDDovestone,QUARTZ,Cambria ,Group B, $ 101.00 
HD,,Whitemdale,HDWhitemdale,QUARTZ,Cambria ,Group B, $ 101.00 
HD,,Ridgegate,HDRidgegate,QUARTZ,Cambria ,Group B, $ 101.00 
HD,,Danae,HDDanae,QUARTZ,Dekton ,Group A, $ 88.00 
HD,,Domoos,HDDomoos,QUARTZ,Dekton ,Group A, $ 88.00 
HD,,Fossil,HDFossil,QUARTZ,Dekton ,Group A, $ 88.00 
HD,,Kelya Marble,HDKelyaMarble,QUARTZ,Dekton ,Group A, $ 88.00 
HD,,Keranium,HDKeranium,QUARTZ,Dekton ,Group A, $ 88.00 
HD,,Keon Concrete,HDKeonConcrete,QUARTZ,Dekton ,Group A, $ 88.00 
HD,,Sirius,HDSirius,QUARTZ,Dekton ,Group A, $ 88.00 
HD,,Kira,HDKira,QUARTZ,Dekton ,Group B, $ 96.00 
HD,,Orix,HDOrix,QUARTZ,Dekton ,Group B, $ 96.00 
HD,,Soke,HDSoke,QUARTZ,Dekton ,Group B, $ 96.00 
HD,,Trilium,HDTrilium,QUARTZ,Dekton ,Group B, $ 96.00 
HD,,Aura - Dekton,HDAura-Dekton,QUARTZ,Dekton ,Group C, $ 104.00 
HD,,Blaze,HDBlaze,QUARTZ,Dekton ,Group C, $ 104.00 
HD,,Entzo Calacatta,HDEntzoCalacatta,QUARTZ,Dekton ,Group C, $ 104.00 
HD,,Fiord,HDFiord,QUARTZ,Dekton ,Group C, $ 104.00 
HD,,Glacier,HDGlacier,QUARTZ,Dekton ,Group C, $ 104.00 
HD,,Opera,HDOpera,QUARTZ,Dekton ,Group C, $ 104.00 
HD,,Sogne,HDSogne,QUARTZ,Dekton ,Group C, $ 104.00 
HD,,Tundra,HDTundra,QUARTZ,Dekton ,Group C, $ 104.00 
HD,,Arga,HDArga,QUARTZ,Dekton ,Group D, $ 112.00 
HD,,Bergen,HDBergen,QUARTZ,Dekton ,Group D, $ 112.00 
HD,,Halo,HDHalo,QUARTZ,Dekton ,Group D, $ 112.00 
HD,,Natura,HDNatura,QUARTZ,Dekton ,Group D, $ 112.00 
HD,,Olimpo,HDOlimpo,QUARTZ,Dekton ,Group D, $ 112.00 
HD,,Taga,HDTaga,QUARTZ,Dekton ,Group D, $ 112.00 
HD,,Alpine Valley,HDAlpineValley,GRANITE,Granite,Group A, $ 48.00 
HD,,Azul Platino,HDAzulPlatino,GRANITE,Granite,Group A, $ 48.00 
HD,,Crema Atlantico,HDCremaAtlantico,GRANITE,Granite,Group A, $ 48.00 
HD,,Crema Caramel,HDCremaCaramel,GRANITE,Granite,Group A, $ 48.00 
HD,,Giallo Vitoria,HDGialloVitoria,GRANITE,Granite,Group A, $ 48.00 
HD,,Gray Atlantico,HDGrayAtlantico,GRANITE,Granite,Group A, $ 48.00 
HD,,Gray Wave,HDGrayWave,GRANITE,Granite,Group A, $ 48.00 
HD,,New Caledonia,HDNewCaledonia,GRANITE,Granite,Group A, $ 48.00 
HD,,Silver Mist,HDSilverMist,GRANITE,Granite,Group A, $ 48.00 
HD,,Steel Grey,HDSteelGrey,GRANITE,Granite,Group A, $ 48.00 
HD,,Ubatuba,HDUbatuba,GRANITE,Granite,Group A, $ 48.00 
HD,,Valle Nevado - Granite,HDValleNevado-Granite,GRANITE,Granite,Group A, $ 48.00 
HD,,White Sparkle,HDWhiteSparkle,GRANITE,Granite,Group A, $ 48.00 
HD,,Amarello Ornamental,HDAmarelloOrnamental,GRANITE,Granite,Group B, $ 58.00 
HD,,Black Pearl,HDBlackPearl,GRANITE,Granite,Group B, $ 58.00 
HD,,Black Pearl Brushed,HDBlackPearlBrushed,GRANITE,Granite,Group B, $ 58.00 
HD,,Coffee Brown,HDCoffeeBrown,GRANITE,Granite,Group B, $ 58.00 
HD,,Moon White,HDMoonWhite,GRANITE,Granite,Group B, $ 58.00 
HD,,Nero Mist Honed,HDNeroMistHoned,GRANITE,Granite,Group B, $ 58.00 
HD,,New Venetial Gold,HDNewVenetialGold,GRANITE,Granite,Group B, $ 58.00 
HD,,Salinas White,HDSalinasWhite,GRANITE,Granite,Group B, $ 58.00 
HD,,Sapphire Blue,HDSapphireBlue,GRANITE,Granite,Group B, $ 58.00 
HD,,Santa Cecilia,HDSantaCecilia,GRANITE,Granite,Group B, $ 58.00 
HD,,Sunset Canyon,HDSunsetCanyon,GRANITE,Granite,Group B, $ 58.00 
HD,,White Antico,HDWhiteAntico,GRANITE,Granite,Group B, $ 58.00 
HD,,White Ornamental,HDWhiteOrnamental,GRANITE,Granite,Group B, $ 58.00 
HD,,Andino White,HDAndinoWhite,GRANITE,Granite,Group C, $ 68.00 
HD,,Aspen White,HDAspenWhite,GRANITE,Granite,Group C, $ 68.00 
HD,,Azul Celeste,HDAzulCeleste,GRANITE,Granite,Group C, $ 68.00 
HD,,Azul Celeste Brushed,HDAzulCelesteBrushed,GRANITE,Granite,Group C, $ 68.00 
HD,,Bianco Romano,HDBiancoRomano,GRANITE,Granite,Group C, $ 68.00 
HD,,Cameo Shore,HDCameoShore,GRANITE,Granite,Group C, $ 68.00 
HD,,Caravelas Gold,HDCaravelasGold,GRANITE,Granite,Group C, $ 68.00 
HD,,Colonial White,HDColonialWhite,GRANITE,Granite,Group C, $ 68.00 
HD,,Nevasca Mist,HDNevascaMist,GRANITE,Granite,Group C, $ 68.00 
HD,,River White,HDRiverWhite,GRANITE,Granite,Group C, $ 68.00 
HD,,Savannah Gold,HDSavannahGold,GRANITE,Granite,Group C, $ 68.00 
HD,,Silver Cloud,HDSilverCloud,GRANITE,Granite,Group C, $ 68.00 
HD,,Snowfall,HDSnowfall,GRANITE,Granite,Group C, $ 68.00 
HD,,Yukon White,HDYukonWhite,GRANITE,Granite,Group C, $ 68.00 
HD,,Absolute Black ,HDAbsoluteBlack,GRANITE,Granite,Group D, $ 74.00 
HD,,Bianco Antico,HDBiancoAntico,GRANITE,Granite,Group D, $ 74.00 
HD,,Black Galaxy,HDBlackGalaxy,GRANITE,Granite,Group D, $ 74.00 
HD,,Blue Pearl,HDBluePearl,GRANITE,Granite,Group D, $ 74.00 
HD,,Chesapeake Blue (Whisper White),HDChesapeakeBlue(WhisperWhite),GRANITE,Granite,Group D, $ 74.00 
HD,,Mystic Spring,HDMysticSpring,GRANITE,Granite,Group D, $ 74.00 
HD,,Pearl (Avalon White),HDPearl(AvalonWhite),GRANITE,Granite,Group D, $ 74.00 
HD,,Solaris,HDSolaris,GRANITE,Granite,Group D, $ 74.00 
HD,,White Ice,HDWhiteIce,GRANITE,Granite,Group D, $ 74.00 
HD,,White Springs,HDWhiteSprings,GRANITE,Granite,Group D, $ 74.00 
HD,,Alaska White,HDAlaskaWhite,GRANITE,Granite,Group E, $ 81.00 
HD,,Arabescus Carrara Marble,HDArabescusCarraraMarble,QUARTZ,Natural Stone,Group C, $ 68.00 
HD,,Fantasy Brown Marble,HDFantasyBrownMarble,QUARTZ,Natural Stone,Group C, $ 68.00 
HD,,Black Soapstone,HDBlackSoapstone,QUARTZ,Natural Stone,Group E, $ 81.00 
HD,,Carrara White Marble,HDCarraraWhiteMarble,QUARTZ,Natural Stone,Group E, $ 81.00 
HD,,Fantasy Macaubas Quartzite,HDFantasyMacaubasQuartzite,QUARTZ,Natural Stone,Group E, $ 81.00 
HD,,Florida Wave Quartzite,HDFloridaWaveQuartzite,QUARTZ,Natural Stone,No Group, $ 105.00 
HD,,Taj Mahal Quartzite,HDTajMahalQuartzite,QUARTZ,Natural Stone,No Group, $ 105.00 
HD,,Zermatt Quartzite,HDZermattQuartzite,QUARTZ,Natural Stone,No Group, $ 105.00 
HD,,Cloudy Mist,HDCloudyMist,GRANITE,Prefab Granite,Group A, $ 41.00 
HD,,Crystal Grey,HDCrystalGrey,GRANITE,Prefab Granite,Group A, $ 41.00 
HD,,Gray Nuevo,HDGrayNuevo,GRANITE,Prefab Granite,Group A, $ 41.00 
HD,,SF Real,HDSFReal,GRANITE,Prefab Granite,Group A, $ 41.00 
HD,,Silver Sands,HDSilverSands,GRANITE,Prefab Granite,Group A, $ 41.00 
HD,,Valle Nevado - Prefab Granite,HDValleNevado-PrefabGranite,GRANITE,Prefab Granite,Group A, $ 41.00 
HD,,Blanco City,HDBlancoCity,QUARTZ,SILESTONE,Group A, $ 61.00 
HD,,Capri Limestone,HDCapriLimestone,QUARTZ,SILESTONE,Group A, $ 61.00 
HD,,Grey Expo,HDGreyExpo,QUARTZ,SILESTONE,Group A, $ 61.00 
HD,,Marengo,HDMarengo,QUARTZ,SILESTONE,Group A, $ 61.00 
HD,,Tebas Black ,HDTebasBlack,QUARTZ,SILESTONE,Group A, $ 61.00 
HD,,White Storm ,HDWhiteStorm,QUARTZ,SILESTONE,Group A, $ 61.00 
HD,,Alpina White,HDAlpinaWhite,QUARTZ,SILESTONE,Group B, $ 69.00 
HD,,Bamboo,HDBamboo,QUARTZ,SILESTONE,Group B, $ 69.00 
HD,,Blanco Maple,HDBlancoMaple,QUARTZ,SILESTONE,Group B, $ 69.00 
HD,,Cemento,HDCemento,QUARTZ,SILESTONE,Group B, $ 69.00 
HD,,Coral City,HDCoralCity,QUARTZ,SILESTONE,Group B, $ 69.00 
HD,,Mountain Mist,HDMountainMist,QUARTZ,SILESTONE,Group B, $ 69.00 
HD,,Sienna Ridge,HDSiennaRidge,QUARTZ,SILESTONE,Group B, $ 69.00 
HD,,Kimbler Mist,HDKimblerMist,QUARTZ,SILESTONE,Group C, $ 77.00 
HD,,Silken Pearl,HDSilkenPearl,QUARTZ,SILESTONE,Group C, $ 77.00 
HD,,Snowy Ibiza,HDSnowyIbiza,QUARTZ,SILESTONE,Group C, $ 77.00 
HD,,Stellar Night,HDStellarNight,QUARTZ,SILESTONE,Group C, $ 77.00 
HD,,Stellar Snow,HDStellarSnow,QUARTZ,SILESTONE,Group C, $ 77.00 
HD,,White Arabesque,HDWhiteArabesque,QUARTZ,SILESTONE,Group C, $ 77.00 
HD,,White Zeus Extreme,HDWhiteZeusExtreme,QUARTZ,SILESTONE,Group C, $ 77.00 
HD,,Calypso,HDCalypso,QUARTZ,SILESTONE,Group D, $ 85.00 
HD,,Eternal Marfil,HDEternalMarfil,QUARTZ,SILESTONE,Group D, $ 85.00 
HD,,Ocean Storm,HDOceanStorm,QUARTZ,SILESTONE,Group D, $ 85.00 
HD,,Pearl Jasmine,HDPearlJasmine,QUARTZ,SILESTONE,Group D, $ 85.00 
HD,,Pietra,HDPietra,QUARTZ,SILESTONE,Group D, $ 85.00 
HD,,Polaris,HDPolaris,QUARTZ,SILESTONE,Group D, $ 85.00 
HD,,Statuario,HDStatuario,QUARTZ,SILESTONE,Group D, $ 85.00 
HD,,Urban Frost,HDUrbanFrost,QUARTZ,SILESTONE,Group D, $ 85.00 
HD,,Bianco Calacatta,HDBiancoCalacatta,QUARTZ,SILESTONE,Group E, $ 93.00 
HD,,Calacatta Gold,HDCalacattaGold,QUARTZ,SILESTONE,Group E, $ 93.00 
HD,,Charcoal Soapstone Suede,HDCharcoalSoapstoneSuede,QUARTZ,SILESTONE,Group E, $ 93.00 
HD,,Eternal Noir Suede,HDEternalNoirSuede,QUARTZ,SILESTONE,Group E, $ 93.00 
HD,,Artic White,HDArticWhite,QUARTZ,Stonemark,Group A, $ 61.00 
HD,,Calico White ,HDCalicoWhite,QUARTZ,Stonemark,Group A, $ 61.00 
HD,,Mara Blanca ,HDMaraBlanca,QUARTZ,Stonemark,Group A, $ 61.00 
HD,,Stellar Gray ,HDStellarGray,QUARTZ,Stonemark,Group A, $ 61.00 
HD,,Stellar White ,HDStellarWhite,QUARTZ,Stonemark,Group A, $ 61.00 
HD,,Calacatta Botanica ,HDCalacattaBotanica,QUARTZ,Stonemark,Group B, $ 69.00 
HD,,Calacatta Venice ,HDCalacattaVenice,QUARTZ,Stonemark,Group B, $ 69.00 
HD,,Calacatta Vicenza Matte ,HDCalacattaVicenzaMatte,QUARTZ,Stonemark,Group B, $ 69.00 
HD,,Carrara Iris ,HDCarraraIris,QUARTZ,Stonemark,Group B, $ 69.00 
HD,,Fairy White ,HDFairyWhite,QUARTZ,Stonemark,Group B, $ 69.00 
HD,,Pearla White ,HDPearlaWhite,QUARTZ,Stonemark,Group B, $ 69.00 
HD,,Smoked Pearl ,HDSmokedPearl,QUARTZ,Stonemark,Group B, $ 69.00 
HD,,Calacatta Arno,HDCalacattaArno,QUARTZ,Stonemark,Group C, $ 77.00 
HD,,Calacatta Laza,HDCalacattaLaza,QUARTZ,Stonemark,Group C, $ 77.00 
HD,,Cortina,HDCortina,QUARTZ,Viatera,Group B, $ 69.00 
HD,,Royal Teak,HDRoyalTeak,QUARTZ,Viatera,Group B, $ 69.00 
HD,,Intermezzo,HDIntermezzo,QUARTZ,Viatera,Group C, $ 77.00 
HD,,Nimbus,HDNimbus,QUARTZ,Viatera,Group C, $ 77.00 
HD,,Soprano,HDSoprano,QUARTZ,Viatera,Group C, $ 77.00 
HD,,Alba,HDAlba,QUARTZ,Viatera,Group D, $ 85.00 
HD,,Aria,HDAria,QUARTZ,Viatera,Group D, $ 85.00 
HD,,Capricorn,HDCapricorn,QUARTZ,Viatera,Group D, $ 85.00 
HD,,Clarino,HDClarino,QUARTZ,Viatera,Group D, $ 85.00 
HD,,Everest,HDEverest,QUARTZ,Viatera,Group D, $ 85.00 
HD,,Lento,HDLento,QUARTZ,Viatera,Group D, $ 85.00 
HD,,Nocturne,HDNocturne,QUARTZ,Viatera,Group D, $ 85.00 
HD,,Quartet,HDQuartet,QUARTZ,Viatera,Group D, $ 85.00 
HD,,Rococo,HDRococo,QUARTZ,Viatera,Group D, $ 85.00 
HD,,Scorpio,HDScorpio,QUARTZ,Viatera,Group D, $ 85.00 
HD,,Talus,HDTalus,QUARTZ,Viatera,Group D, $ 85.00 
HD,,Tenor,HDTenor,QUARTZ,Viatera,Group D, $ 85.00 
HD,,Aura - Viatera,HDAura-Viatera,QUARTZ,Viatera,Group E, $ 93.00 
HD,,Karis,HDKaris,QUARTZ,Viatera,Group E, $ 93.00 
HD,,Muse,HDMuse,QUARTZ,Viatera,Group E, $ 93.00 
HD,,Super White,HDSuperWhite,QUARTZ,Viatera,Group E, $ 93.00 
Dr Horton DE,,Crema Caramel,DrHortonDECremaCaramel,GRANITE,Granite,Level 1, $ 25.50 
Caruso MD,Aspen,Iced White 2cm,CarusoMDIcedWhite2cm,QUARTZ,ASPEN,Level 1, $ 35.00 
HD,,Calacatta Classic 3cm,HDCalacattaClassic3cm,QUARTZ,ASPEN,Group E, $ 93.00 
HD,,Lusso 3cm Polish - Level 4,HDLusso3cmPolish-Level4,QUARTZ,SILESTONE,Group D, $ 85.00 
HD,,Lusso 3cm Polish - Level 5,HDLusso3cmPolish-Level5,QUARTZ,SILESTONE,Group E, $ 93.00 
KHOV HOMES,,Steel Grey 3cm Dual - Leather / Polish,KHOVHOMESSteelGrey3cmDual-Leather/Polish,GRANITE,Granite,Level 2, $ 39.00 
Pulte NEC,,Coarse Carrara 3cm,PulteNECCoarseCarrara3cm,QUARTZ,ASPEN,Level 2, $ 42.50 
Pulte NEC,,Cashmere Carrara,PulteNECCashmereCarrara,QUARTZ,MSI Quartzes,Level 6,
Dan Ryan DE,,Grey Expo (HD Grey Slate) 3cm Polish,DanRyanDEGreyExpo(HDGreySlate)3cmPolish,QUARTZ,SILESTONE,Level 2, $ 43.00 
Dan Ryan DE,,Pure White (aka Super White) 3cm,DanRyanDEPureWhite(akaSuperWhite)3cm,QUARTZ,Caesarstone,Level 4, $ 58.00 
Lennar,,Fantasy Brown 3cm Polished,LennarFantasyBrown3cmPolished,GRANITE,Granite,Level 4, $ 36.50 
Gemcraft,,Steel Grey 3cm Dual - Leather / Polish,GemcraftSteelGrey3cmDual-Leather/Polish,GRANITE,Granite,Level 2, $ 60.00 
HD,,Pietra 3cm,HDPietra3cm,QUARTZ,ASPEN,Group E, $ 93.00 
HD,,White Spring 3cm Polish,HDWhiteSpring3cmPolish,QUARTZ,Home Depot,Group D, $ 85.00 
Caruso MD,,Calacatta Antarctica (Antartica),CarusoMDCalacattaAntarctica(Antartica),QUARTZ,ASPEN,Level 4, $ 53.00 
Dan Ryan DE,,White G 3cm Polished,DanRyanDEWhiteG3cmPolished,GRANITE,Granite,Level 2, $ 34.00 
Beazer Homes VA,,Iced White 3cm,BeazerHomesVAIcedWhite3cm,QUARTZ,MSI Quartzes,Level 2, $ 39.00 
Beazer Homes VA,,Iced White 2cm,BeazerHomesVAIcedWhite2cm,QUARTZ,MSI Quartzes,Level 2, $ 39.00 
Pulte NEC,,Pure White (aka Super White) 3cm,PulteNECPureWhite(akaSuperWhite)3cm,GRANITE,Granite,Level 2, $ 31.00 
Pulte NEC,,Pure White (aka Super White) 2cm,PulteNECPureWhite(akaSuperWhite)2cm,GRANITE,Granite,Level 2, $ 31.00 
Dr Horton DE,,White G 3cm Polished,DrHortonDEWhiteG3cmPolished,GRANITE,Granite,Level 2, $ 30.00 
Pulte NEC,MSI,Stellar Gray (HD Stellar Gray) 3cm,PulteNECStellarGray(HDStellarGray)3cm,QUARTZ,MSI Quartzes,Level 1, $ 31.00 
Beazer Homes VA,,New Caledonia 3cm Polished,BeazerHomesVANewCaledonia3cmPolished,GRANITE,Granite,Level 1, $ 23.00 
KOCH HOMES,,Cashmere Carrara 3cm,KOCHHOMESCashmereCarrara3cm,QUARTZ,MSI Quartzes,Level 6, $ 59.00 
HD,,Atlantic Salt (HD Atlantic Salt) 3cm Polish A,HDAtlanticSalt(HDAtlanticSalt)3cmPolishA,QUARTZ,Caesarstone,Group D, $ 85.00 
HD,,White Attica 3cm Polish A,HDWhiteAttica3cmPolishA,QUARTZ,Caesarstone,Group E, $ 93.00 
Beazer Homes MD,,White Ornamental (see White G) 3cm Polished,BeazerHomesMDWhiteOrnamental(seeWhiteG)3cmPolished,GRANITE,Granite,Level 2, $ 37.00 
Beazer Homes MD,,White G 3cm Polished,BeazerHomesMDWhiteG3cmPolished,GRANITE,Granite,Level 2, $ 37.00 
Pulte MADC,,Landscape - A 3cm,PulteMADCLandscape-A3cm,QUARTZ,ASPEN,Level 5, $ 48.50 
Pulte MADC,,Montclair White 3cm,PulteMADCMontclairWhite3cm,QUARTZ,MSI Quartzes,Level 5, $ 48.50 
Pulte MADC,,Crema Caramel 3cm Polished,PulteMADCCremaCaramel3cmPolished,GRANITE,Granite,Level 1, $ 22.00 
Pulte MADC,,Colonial White 3cm Polished,PulteMADCColonialWhite3cmPolished,GRANITE,Granite,Level 3, $ 34.25 
Lennar,,White G 3cm Polished,LennarWhiteG3cmPolished,GRANITE,Granite,Level 2, $ 27.00 
HD,,NEW Carrara Marmi (HD) 3cm,HDNEWCarraraMarmi(HD)3cm,QUARTZ,MSI Quartzes,Group D, $ 85.00 
New Day Construction,,Crema Caramel,NewDayConstructionCremaCaramel,GRANITE,Granite,Level 1, $ 30.00 
New Day Construction,,Luna Pearl,NewDayConstructionLunaPearl,GRANITE,Granite,Level 1, $ 30.00 
New Day Construction,,New Caledonia,NewDayConstructionNewCaledonia,GRANITE,Granite,Level 1, $ 30.00 
New Day Construction,,Ubatuba,NewDayConstructionUbatuba,GRANITE,Granite,Level 1, $ 30.00 
New Day Construction,,Azul Platino,NewDayConstructionAzulPlatino,GRANITE,Granite,Level 2, $ 36.00 
New Day Construction,,New Venetial Gold,NewDayConstructionNewVenetialGold,GRANITE,Granite,Level 2, $ 36.00 
New Day Construction,,Santa Cecila Light,NewDayConstructionSantaCecilaLight,GRANITE,Granite,Level 2, $ 36.00 
New Day Construction,,Steel Grey,NewDayConstructionSteelGrey,GRANITE,Granite,Level 2, $ 36.00 
New Day Construction,,White Ornamental,NewDayConstructionWhiteOrnamental,GRANITE,Granite,Level 2, $ 36.00 
New Day Construction,,Absolute Black,NewDayConstructionAbsoluteBlack,GRANITE,Granite,Level 3, $ 39.00 
New Day Construction,,Blue Pearl,NewDayConstructionBluePearl,GRANITE,Granite,Level 3, $ 39.00 
New Day Construction,,Colonial White,NewDayConstructionColonialWhite,GRANITE,Granite,Level 3, $ 39.00 
New Day Construction,,Giallo Napolean,NewDayConstructionGialloNapolean,GRANITE,Granite,Level 3, $ 39.00 
New Day Construction,,Viscon White,NewDayConstructionVisconWhite,GRANITE,Granite,Level 3, $ 39.00 
New Day Construction,,Bayshore Sands,NewDayConstructionBayshoreSands,QUARTZ,MSI Quartzes,Level 1, $ 39.00 
New Day Construction,,Iced Gray,NewDayConstructionIcedGray,QUARTZ,MSI Quartzes,Level 1, $ 39.00 
New Day Construction,,Iced White,NewDayConstructionIcedWhite,QUARTZ,MSI Quartzes,Level 1, $ 39.00 
New Day Construction,,Bianco Antico,NewDayConstructionBiancoAntico,GRANITE,Granite,Level 4, $ 46.00 
New Day Construction,,Black Galaxy,NewDayConstructionBlackGalaxy,GRANITE,Granite,Level 4, $ 46.00 
New Day Construction,,Colonial Gold,NewDayConstructionColonialGold,GRANITE,Granite,Level 4, $ 46.00 
New Day Construction,,Royal Jade,NewDayConstructionRoyalJade,GRANITE,Granite,Level 4, $ 46.00 
New Day Construction,,White Ice,NewDayConstructionWhiteIce,GRANITE,Granite,Level 4, $ 46.00 
New Day Construction,,Alpine,NewDayConstructionAlpine,QUARTZ,MSI Quartzes,Level 2, $ 53.00 
New Day Construction,,Carrara Marmi,NewDayConstructionCarraraMarmi,QUARTZ,MSI Quartzes,Level 2, $ 53.00 
New Day Construction,,Fossil Grey,NewDayConstructionFossilGrey,QUARTZ,MSI Quartzes,Level 2, $ 53.00 
New Day Construction,,Fossil Grey Honed,NewDayConstructionFossilGreyHoned,QUARTZ,MSI Quartzes,Level 2, $ 53.00 
New Day Construction,,Fossil Taupe,NewDayConstructionFossilTaupe,QUARTZ,MSI Quartzes,Level 2, $ 53.00 
New Day Construction,,Pebble Rock,NewDayConstructionPebbleRock,QUARTZ,MSI Quartzes,Level 2, $ 53.00 
New Day Construction,,Snow White,NewDayConstructionSnowWhite,QUARTZ,MSI Quartzes,Level 2, $ 53.00 
New Day Construction,,Sparkling Black,NewDayConstructionSparklingBlack,QUARTZ,MSI Quartzes,Level 2, $ 53.00 
New Day Construction,,Sparkling White,NewDayConstructionSparklingWhite,QUARTZ,MSI Quartzes,Level 2, $ 53.00 
New Day Construction,,Stellar Grey,NewDayConstructionStellarGrey,QUARTZ,MSI Quartzes,Level 2, $ 53.00 
New Day Construction,,African Rainbow,NewDayConstructionAfricanRainbow,GRANITE,Granite,Level 5, $ 49.00 
New Day Construction,,Alaska White,NewDayConstructionAlaskaWhite,GRANITE,Granite,Level 5, $ 49.00 
New Day Construction,,Snowfall,NewDayConstructionSnowfall,GRANITE,Granite,Level 5, $ 49.00 
New Day Construction,,White Spring,NewDayConstructionWhiteSpring,GRANITE,Granite,Level 5, $ 49.00 
New Day Construction,,Calacatta Classique,NewDayConstructionCalacattaClassique,QUARTZ,MSI Quartzes,Level 3, $ 49.00 
New Day Construction,,Calacatta Vicenza,NewDayConstructionCalacattaVicenza,QUARTZ,MSI Quartzes,Level 3, $ 49.00 
New Day Construction,,Carrara Grigio,NewDayConstructionCarraraGrigio,QUARTZ,MSI Quartzes,Level 3, $ 49.00 
New Day Construction,,Mont Clair White,NewDayConstructionMontClairWhite,QUARTZ,MSI Quartzes,Level 3, $ 49.00 
New Day Construction,,Romano White,NewDayConstructionRomanoWhite,QUARTZ,MSI Quartzes,Level 3, $ 49.00 
New Day Construction,,Sahara Beige,NewDayConstructionSaharaBeige,QUARTZ,MSI Quartzes,Level 3, $ 49.00 
Pulte NEC,MSI,Concerto (HD Concerto) 3cm,PulteNECConcerto(HDConcerto)3cm,QUARTZ,MSI Quartzes,Level 3, $ 54.00 
KOCH HOMES,,GIBSON'S GRANT - Stellar Snow 13,KOCHHOMESGIBSON'SGRANT-StellarSnow13,QUARTZ,SILESTONE,Level 3, $ 45.00 
Pulte MADC,MSI,Iced White Qz,PulteMADCIcedWhiteQz,QUARTZ,MSI Quartzes,Level 2, $ 34.25 
Pulte NEC,,White Pearl (Luna),PulteNECWhitePearl(Luna),GRANITE,Granite,Level 1, $ 22.00 
POWERS HOMES,,New Caledonia 3cm Polished,POWERSHOMESNewCaledonia3cmPolished,GRANITE,Granite,Level 1, $ 26.00 
Dr Horton DE,,Sparkling White (Snow Meadow) 3cm,DrHortonDESparklingWhite(SnowMeadow)3cm,QUARTZ,ASPEN,Level 3, $ 36.00 
HD,,Silver Falls,HDSilverFalls,GRANITE,Granite,Group A, $ 48.00 
Pulte MADC,,Pearl Jasmine,PulteMADCPearlJasmine,QUARTZ,SILESTONE,Level 4, $ 48.50 
KOCH HOMES,,GIBSON'S GRANT - Salinas White,KOCHHOMESGIBSON'SGRANT-SalinasWhite,GRANITE,Granite,Level 3, $ 45.00 
Pulte MADC,,Black Galaxy,PulteMADCBlackGalaxy,GRANITE,Granite,Level 4, $ 39.50 
Pulte MADC,,Snow White 3 cm ,PulteMADCSnowWhite3cm,QUARTZ,MSI Quartzes,Level 2, $ 34.25 
HD,,Jet Black 3cm Polish A,HDJetBlack3cmPolishA,QUARTZ,Caesarstone,Group A, $ 61.00 
HD,,Seacourt (HD) 3cm Polish,HDSeacourt(HD)3cmPolish,QUARTZ,Cambria ,Group B, $ 101.00 
HD,,Mirage White 3cm Polish ,HDMirageWhite3cmPolish,GRANITE,Home Depot,Group D, $ 85.00 
Dan Ryan Metro,,Blanco Orion 3cm Polish,DanRyanMetroBlancoOrion3cmPolish,QUARTZ,SILESTONE,Level 1, $ 31.00 
HD,,New Venetian Gold 3cm Polish,HDNewVenetianGold3cmPolish,GRANITE,Home Depot,Group D, $ 85.00 
Caruso MD,SILESTONE,Lyra 3cm Polish,CarusoMDLyra3cmPolish,QUARTZ,SILESTONE,Level 2, $ 53.00 
Pulte MADC,,Luna Pearl 3cm Polished,PulteMADCLunaPearl3cmPolished,GRANITE,Granite,Level 1, $ 22.00 
HD,,Solaris / Solarius 3cm Polish,HDSolaris/Solarius3cmPolish,GRANITE,Home Depot,Group D, $ 85.00 
Caruso MD,,Calacatta Classic 3cm,CarusoMDCalacattaClassic3cm,QUARTZ,ASPEN,Level 4, $ 53.00 
KHOV HOMES,,Colonial White 3cm Dual - Leather / Polish,KHOVHOMESColonialWhite3cmDual-Leather/Polish,GRANITE,Granite,Level 3, $ 53.00 
Gemcraft,,Sparkling White (Snow Meadow) 3cm ,GemcraftSparklingWhite(SnowMeadow)3cm,QUARTZ,ASPEN,Level 3, $ 60.00 
Creative Homes,,Calacatta Alto,CreativeHomesCalacattaAlto,QUARTZ,MSI Quartzes,Level 2, $ 60.00 
Caruso MD,,Titanium Polished 3cm,CarusoMDTitaniumPolished3cm,QUARTZ,Quartzite ,Level 4, $ 53.00 
JP ORLEANS,SILESTONE,Lyra,JPORLEANSLyra,QUARTZ,SILESTONE,Level 2, $ 41.00 
Lennar,SILESTONE,Lyra,LennarLyra,QUARTZ,SILESTONE,Level 2, $ 27.00 
Creative Homes,,Aspen Catania G043,CreativeHomesAspenCataniaG043,QUARTZ,ASPEN,Level 2, $ 60.00 
Creative Homes,,Aspen Landscape,CreativeHomesAspenLandscape,QUARTZ,ASPEN,Level 2, $ 60.00 
Dr Horton DE,MSI,Carrara Morro,DrHortonDECarraraMorro,QUARTZ,MSI Quartzes,Level 2, $ 30.00 
Dan Ryan Metro,,Home Depot Color Solaris / Solarius 3cm Polish,DanRyanMetroHomeDepotColorSolaris/Solarius3cmPolish,GRANITE,Home Depot,Level 4, $ 52.00 
Dan Ryan Metro,,Aspen Blanco Maple (maybe sub for Silestone Blanco Maple) 3cm,DanRyanMetroAspenBlancoMaple(maybesubforSilestoneBlancoMaple)3cm,QUARTZ,ASPEN,Level 2, $ 42.00 
Pulte MADC,,Montclair White,PulteMADCMontclairWhite,QUARTZ,MSI Quartzes,Level 4, $ 48.50 
Dan Ryan Metro,,Solaris / Solarius 3cm Polish,DanRyanMetroSolaris/Solarius3cmPolish,GRANITE,Home Depot,Level 4,
Pulte NEC,,Montclair White,PulteNECMontclairWhite,QUARTZ,MSI Quartzes,Level 4, $ 54.00 
Caruso MD,,Infinity White Polished 3cm,CarusoMDInfinityWhitePolished3cm,GRANITE,Quartzite ,Level 3, $ 53.00 
Pulte MADC,,Andromeda White 3cm,PulteMADCAndromedaWhite3cm,GRANITE,Granite,Level 3, $ 39.50 
HD,,Ridgegate (HD) 3cm Polish,HDRidgegate(HD)3cmPolish,QUARTZ,Cambria ,Group B, $ 101.00 
HD,,Perla White (HD Perla White) 3cm,HDPerlaWhite(HDPerlaWhite)3cm,QUARTZ,MSI Quartzes,Group D, $ 85.00 
Dan Ryan Metro,,Eternal Calacatta Gold (HD Calacatta Glitz) 3cm Polish,DanRyanMetroEternalCalacattaGold(HDCalacattaGlitz)3cmPolish,QUARTZ,Silestone,Level 4, $ 57.00 
KHOV HOMES,,White Ice 3cm Polished,KHOVHOMESWhiteIce3cmPolished,GRANITE,Granite,Level 4, $ 49.00 
DELUCA HOMES,,Carrara Morro (Aspen Carrara Morro 3cm),DELUCAHOMESCarraraMorro(AspenCarraraMorro3cm),QUARTZ,ASPEN,Level 2, $ 43.00 
Beazer Homes VA,,NEW VENETIAN GOLD 3cm  ,BeazerHomesVANEWVENETIANGOLD3cm,GRANITE,Granite,Level 2, $ 29.00 
JP ORLEANS,,Carrara Mist 3cm,JPORLEANSCarraraMist3cm,QUARTZ,MSI Quartzes,Level 2,
Pulte NEC,,SANTA CECILIA LIGHT (LC) 3cm,PulteNECSANTACECILIALIGHT(LC)3cm,GRANITE,Granite,Level 3, $ 42.50 
Lennar,,NEW VENETIAN GOLD 3cm,LennarNEWVENETIANGOLD3cm,GRANITE,Granite,Level 2, $ 27.00 
Caruso MD,,Swanbridge,CarusoMDSwanbridge,QUARTZ,Cambria ,Level 2, $ 53.00 
Caruso MD,,Marengo,CarusoMDMarengo,QUARTZ,Silestone,Level 2, $ 53.00 
Caruso MD,,Ariel,CarusoMDAriel,QUARTZ,Silestone,Level 2, $ 53.00 
Caruso MD,,COLONIAL GOLD 3cm,CarusoMDCOLONIALGOLD3cm,GRANITE,Granite,Level 2, $ 53.00 
KOCH HOMES,,Peppercorn White,KOCHHOMESPeppercornWhite,QUARTZ,MSI Quartzes,Level 3, $ 59.00 
Pulte NEC,,Alpine,PulteNECAlpine,QUARTZ,MSI Quartzes,Level 2, $ 42.50 
Pulte NEC,,Pearl Gray,PulteNECPearlGray,QUARTZ,MSI Quartzes,Level 2, $ 42.50 
Pulte NEC,,Montclair White 3cm,PulteNECMontclairWhite3cm,QUARTZ,MSI Quartzes,Level 2, $ 42.50 
Kettler Forlines,,Coral White 3cm,KettlerForlinesCoralWhite3cm,QUARTZ,Viatera,Level 3, $ 50.00 
Gemcraft,,Crema Caramel 3cm Polished,GemcraftCremaCaramel3cmPolished,GRANITE,Granite,Level 1, $ 35.00 
Caruso MD,,Colonial Gold 3cm Polished,CarusoMDColonialGold3cmPolished,GRANITE,Granite,Level 2, $ 53.00 
Pulte NEC,,Luna Pearl,PulteNECLunaPearl,GRANITE,Granite,Level 1,
Pulte NEC,,Stellar Gray (HD) 3cm,PulteNECStellarGray(HD)3cm,QUARTZ,MSI Quartzes,,
Pulte NEC,,Peacock Green 3cm Polished,PulteNECPeacockGreen3cmPolished,GRANITE,Granite,,
HD,,Color Silver Creek 3cm Polish,HDColorSilverCreek3cmPolish,GRANITE,Home Depot,,
Pulte MADC,,Toasted Almond 3cm,PulteMADCToastedAlmond3cm,QUARTZ,MSI Quartzes,,
HD,,Color Pearl,HDColorPearl,GRANITE,Home Depot,,
Pulte NEC,,ABSOLUTE BLACK,PulteNECABSOLUTEBLACK,GRANITE,Granite,,
Beazer Homes MD,,Snow White,BeazerHomesMDSnowWhite,QUARTZ,MSI Quartzes,,
Kettler Forlines,,Lagoon,KettlerForlinesLagoon,QUARTZ,Silestone,,
HD,,Sparkling White (Snow Meadow) 3cm,HDSparklingWhite(SnowMeadow)3cm,QUARTZ,ASPEN,Level 3,
Pulte NEC,,Baltic Brown 3cm Polished,PulteNECBalticBrown3cmPolished,GRANITE,Granite,,
HD,,Quartz Clarino (HD Chorino) 3cm,HDQuartzClarino(HDChorino)3cm,QUARTZ,Viatera,,
Koch Homes,, Calacatta Classique 3cm,KochHomesCalacattaClassique3cm,QUARTZ,MSI Quartzes,,
Koch Homes,,Calacatta Vicenza (HD),KochHomesCalacattaVicenza(HD),QUARTZ,MSI Quartzes,,
"Lane Builders, LLC",,Quartzite Infinity White Polished 3cm,"LaneBuilders,LLCQuartziteInfinityWhitePolished3cm",QUARTZ,MSI Quartzes,,
JP ORLEANS,,Silestone Eternal Calacatta Gold (HD Calacatta Glitz) 3cm Polish,JPORLEANSSilestoneEternalCalacattaGold(HDCalacattaGlitz)3cmPolish,QUARTZ,MSI Quartzes,,
Pulte MADC,,Calacatta Vicenza Qz,PulteMADCCalacattaVicenzaQz,QUARTZ,MSI Quartzes,,
Dan Ryan Metro,,FROST WHITE,DanRyanMetroFROSTWHITE,QUARTZ,MSI Quartzes,,
Dan Ryan Metro,,SPARKLING WHITE,DanRyanMetroSPARKLINGWHITE,QUARTZ,MSI Quartzes,,
Caruso MD,,Fantasy Brown 3cm Polished,CarusoMDFantasyBrown3cmPolished,GRANITE,Marble,,
Kettler Forlines,,Viscon White 3cm Dual - Leather / Polish,KettlerForlinesVisconWhite3cmDual-Leather/Polish,GRANITE,Granite,,
Pulte NEC,,Blue Pearl GT 3cm Polished,PulteNECBluePearlGT3cmPolished,GRANITE,Granite,,
Dan Ryan Metro,,Black Galaxy 3cm Polished,DanRyanMetroBlackGalaxy3cmPolished,GRANITE,Granite,,
Pulte NEC,,Moon White 3cm Polished,PulteNECMoonWhite3cmPolished,GRANITE,Granite,,
Stanley Martin,,White G,StanleyMartinWhiteG,GRANITE,Granite,Level 2, $ 27.00 
Koch Homes,,Iced White 3cm,KochHomesIcedWhite3cm,QUARTZ,MSI Quartzes,,
Koch Homes,,Bianco Antico 3cm Polished,KochHomesBiancoAntico3cmPolished,GRANITE,Granite,,
HD,,Coral White 3cm,HDCoralWhite3cm,QUARTZ,Viatera,Group C,
Caruso MD,,Marble Mont Blanc,CarusoMDMarbleMontBlanc,GRANITE,Marble,,
Caruso MD,,Quartzite Fusion,CarusoMDQuartziteFusion,QUARTZ,Quarzite,,
DMR - PDR,,Grey Expo,DMR-PDRGreyExpo,QUARTZ,ASPEN,,
Koch Homes,,Calacatta Laza,KochHomesCalacattaLaza,,,,
HD,,Desert Beach,HDDesertBeach,,,,
HD,,Mercury Gray,HDMercuryGray,,,,
Dan Ryan Metro,,Royal Reef,DanRyanMetroRoyalReef,,,,
HD,,Organic White,HDOrganicWhite,,,,
Beazer Homes MD,MSI,Cashmere Carrera ,BeazerHomesMDCashmereCarrera,QUARTZ,MSI Quartzes,Level 2,
KHOV HOMES,,Virginia Mist,KHOVHOMESVirginiaMist,,,,
Pulte MADC,,Peppercorn White,PulteMADCPeppercornWhite,,,,
Dan Ryan Metro,,Royal Jade,DanRyanMetroRoyalJade,,,,
Pulte MADC,,Gray Lagoon,PulteMADCGrayLagoon,,,,
Grand Villa Homes,,Calacatta V,GrandVillaHomesCalacattaV,,,,
Grand Villa Homes,,Absolute Black,GrandVillaHomesAbsoluteBlack,,,,
Koch Homes,,Cashmere Carrara,KochHomesCashmereCarrara,,,,
Pulte MADC,,Alpine,PulteMADCAlpine,,,,
Pulte MADC,,Pebble Rock,PulteMADCPebbleRock,,,,
Pulte MADC,,Steel Gray,PulteMADCSteelGray,,,,
Pulte NEC,,New Caledonia,PulteNECNewCaledonia,,,,
Pulte MADC,,Moon White,PulteMADCMoonWhite,,,,
Pulte MADC,,Sapphire Blue,PulteMADCSapphireBlue,,,,
Pulte MADC,,Peacock Green,PulteMADCPeacockGreen,,,,
Pulte NEC,,Snowfall,PulteNECSnowfall,,,,
Caruso MD,,White Carrara,CarusoMDWhiteCarrara,GRANITE,Marble,,
DMR - PDR,,Carrara Morro 3cm,DMR-PDRCarraraMorro3cm,QUARTZ,Aspen,,
Kettler Forlines,,Salinas White 3cm Polished,KettlerForlinesSalinasWhite3cmPolished,,,,
Beazer Homes MD,,Montclair White,BeazerHomesMDMontclairWhite,QUARTZ,MSI Quartzes,Level 3,$55.00